article,truthfulness
OBAMA Is GIVING YOUR Money To Illegal Aliens To Start Businesses…You Won’t Believe Where Those Businesses Are Located [VIDEO],fake
"Bangladesh, Myanmar agree on 'working group' for refugee plan: minister",real
"Trump, China's Xi to meet April 6-7 in Florida: source",real
Trump says his comments on Mexican-American judge misconstrued,real
"Trump meets insurers, promises catastrophic year for Obamacare",real
 WATCH: Anderson Cooper Throws MAJOR Shade At White House Aide Over ‘Fake News’,fake
U.S. gives Laos extra $90 million to help clear unexploded ordnance,real
Trump calls for worldwide action against North Korea nuclear threat,real
Islamic State defeated in its Syrian capital Raqqa,real
House Committee requests EpiPen documents from Mylan,real
Putin dismisses U.S. hacking allegations as campaign rhetoric,real
U.S. says it will take steps after Cambodia's dissolves opposition party,real
Trump Interior nominee would consider more drilling on federal land,real
Islamic State claims responsibility for attack southeast of Baghdad: Amaq,real
Clinton slams student loan servicer Navient as misleading,real
Croatia jails Serb paramilitary commander for war crimes,real
Son of Russian lawmaker sentenced in U.S. for role in cyber crime ring,real
"Biden, not mentioning Trump, defends free press, independent judiciary",real
Germany's figurehead president now best hope of unlocking political crisis,real
Republican senator says Trump yet to demonstrate needed stability,real
U.S. condemns threat to ban Venezuela opposition from elections,real
"Factbox: Trump to meet with Huckabee, Romney, others this weekend",real
Senate panel approves measure to broaden North Korea sanctions,real
South African security agency files legal complaint against Zuma author,real
Syrian opposition: Russia conference aims to rehabilitate Assad,real
"Trump, Cruz tensions may provide liveliest Republican debate yet",real
"Once a self-funder, Trump's new fundraising machine ramps up",real
Trump to nominate Rod Rosenstein to be deputy U.S. attorney general,real
Zimbabwe war vets to launch court case to legalize military action to oust Mugabe,real
Anti-Mugabe pastor acquitted in Zimbabwe of public violence charges,real
Factbox: Trump finishes filling top jobs for his administration,real
Indonesian police warn Islamists against raids in search of Santa hats,real
Trump administration's Africa policy in focus at AGOA trade talks,real
CalPERS chief sees volatility until Trump implements plans,real
"France's Macron tells Iran, Israel leaders of need to preserve Lebanon's stability",real
Trump says U.S. deal with Russia on Syria will save many lives,real
Italy's 5-Star pummels center-right in Rome beachfront vote,real
Pakistan debates how to fill education gaps,real
"French Senate vote is blow to Macron, Conservatives keep majority",real
Obama to Republican leaders: why are you still endorsing Trump?,real
INSIDE TRUMP’S CHARITY BALL Tonight At Beautiful Mar-A-Lago…Protests Outside [Video],fake
White House continues to cooperate with special counsel -official,real
WIKILEAKS HITS BACK At Lying Political Hack James Clapper…Testimony On The Hill Highly Partisan! [Video],fake
Supreme Leader Khamenei says U.S. is Iran's 'number one enemy',real
"U.S. sanctions North Korean missile experts, Russia offers to mediate",real
Romanian protesters halt building of Xmas fair at protest site,real
Factbox: Trump fills top jobs for his administration,real
Highlights: The Trump presidency on April 21 at 6:12 p.m. EDT/2212 GMT,real
China complains to Australia over Turnbull comments on interference,real
Democratic Socialists make headway in U.S. after Trump's win,real
Head of East Africa's regional bloc condemns ICC Burundi investigation,real
LOIS LERNER E-MAIL SNIPPETS REVEAL A BITTER B*TCH: “Lincoln should have let the South go…”,fake
U.S. seeks to reassure Beijing after Trump call with Taiwan leader,real
"Turkey urges Iraqi Kurds to drop referendum, cites sanctions",real
" After Sex Scandal Allegations, Ted Cruz Unleashes Colossally Pathetic Hissy Fit On Facebook",fake
"Key U.S. House committee approves healthcare bill, vote set for Thursday",real
Saudi ambassador to U.S. says his society is ready to let women drive,real
 Trump HUMILIATED As WH Walks Back His Attack After Soldier’s Mom Confirms His Insensitive Phone Call,fake
BREAKING: OBAMACARE REPEAL Clears First Hurdle…Dems Get Snarky,fake
Germany investigating reports of refugees forced into prostitution,real
"Saudi-led coalition to reopen Yemen's Hodeidah port, Sanaa airport for aid",real
Factbox: Why the Zika virus is causing alarm,real
Iceland's president asks leftist opposition leader to form new government,real
House tax panel chair: corporate tax cut may take 'several steps',real
NATO launches Black Sea force as latest counter to Russia,real
U.S. embassy in Kiev critical of Moscow order on Ukrainian documentation,real
Turkish foreign minister says Assad administration must be removed,real
Most Britons want May to lead through Brexit process -Telegraph,real
"Senate plan delays corporate tax cut, won't repeal Obamacare mandate: senator",real
"North Korea moving airplanes, boosting defense after U.S. bomber flight: Yonhap",real
"Trump makes overture to Ryan, while Republicans wrestle with party's future",real
Indian police arrest Christian priest after complaint by Hindu group,real
 ‘Pissed As Hell’ Oregon Rancher FURIOUS At Bundy Militia: ‘This Is My Home!’ (VIDEO),fake
Libyan coast guard rescues more than 250 migrants trying to reach Italy,real
Europe could soon be within range of North Korean missiles: France,real
"Clinton considering Warren, not Sanders, for running mate: WSJ",real
France to discuss possible new Rafale sale with Egypt's al-Sisi: Le Maire,real
Bulgarians use 'speed dating' to get know migrants,real
Senate panel chair says will hold hearings on health insurance market,real
"Leaving nothing to chance, China increases security, social control before Congress",real
 Bombshell Reports Confirm What We Already Believed About MSNBC’s Joe And Mika (DETAILS),fake
Zimbabwe court postpones former finmin Chombo bail hearing-state radio,real
"Despite recusal, Trump has confidence in Sessions: White House",real
Trump's son-in-law Kushner to become senior White House adviser,real
"EU to race Britain for Australia, NZ trade deals",real
 Chris Cuomo SLAMS Trump For Promising “A Lot Of Things That Can’t Be Done” In Energy Speech (VIDEO),fake
 Columbine Shooter Dylan Klebold’s Mother Breaks Silence In Riveting New Interview (VIDEOS),fake
Mnuchin says no regrets over government plane use,real
FARMER FINED A WHOPPING $2.8 MILLION Asks President Trump For Help,fake
"Tillerson to back North Korea diplomacy, reject Syria's Assad: U.S. official",real
South Koreans seek to visit once-jointly run factory zone in North,real
Japanese man kills wife and priestess sister with sword in bizarre family feud: media,real
"Health plan would cut U.S. deficit, but leave millions without insurance: CBO",real
"Convoy rolls into Damascus suburbs with aid for 40,000: U.N.",real
TRUMP HITS BACK After Cowgirl Congresswoman Trashes Him Over Words Said to Grieving Widow,fake
Putin complains Russian media abroad face unacceptable pressure,real
Korean peninsula draws range of military drills in show of force against North Korea,real
Saudi-led coalition air raid puts Yemen's Sanaa airport out of service: agency,real
Egypt's Hasm militants claim attack targeting Myanmar embassy,real
Obama spars with Cuba's Castro over human rights in historic visit,real
Trump breaks ice with China's Xi in letter seeking 'constructive' ties,real
U.S. Commerce nominee Ross calls China 'most protectionist' country,real
"Iraq's Kurds beef up, move back defense line around oil-rich Kirkuk",real
Mexico foreign minister heads to U.S. to meet with Dreamers,real
"Eurofighter jet crashes in Spain, killing pilot",real
German prosecutor demands life for neo-Nazi suspect Zschaepe,real
" Alex Jones POSITIVE Obama Killed Scalia, And You’ll Never Believe Who He Thinks Is Next (VIDEO)",fake
"NuStar's St. Eustatius terminal damaged by Irma, no restart date set",real
 Even Staunch Republican Ben Stein Says He’d Support Sanders Or Clinton Over Trump (VIDEO),fake
"House, Senate Republicans face challenge over corporate AMT tax",real
At least 65 media workers killed doing their jobs in 2017: Reporters Without Borders,real
Colombia urges ELN rebels to turn over body of Russian hostage,real
"Obama, Fed's Yellen discussed economic risks in White House meeting",real
U.S. officials will not label treatment of Rohingya as 'ethnic cleansing',real
White House retreats from government shutdown threat: Washington Post,real
DIRTY POOL! FBI AND DOJ Just Affirmed They Spied On Trump WITHOUT Proving Dossier’s Authenticity,fake
"Republicans, Obama immigration chief clash over criminal immigrants",real
Senate Ethics Committee opens probe of Senator Franken,real
"Myanmar, accused of crackdown, invited to U.S.-Thai military exercise",real
Trump lawyers make final Supreme Court pitch on travel ban,real
Congress could undo Obama-era student loan relief,real
"FBI found Clinton-related emails on devices belonging to aide, ex-congressman: NYT",real
 WATCH: Kellyanne Conway Very Upset Hillary Clinton Is Not Doing Trump’s Job,fake
 This Is What REAL Christians Do When Their Priest Preaches To Ban Abortion (VIDEO),fake
More than 50 arrested for looting in Miami during Irma: police,real
 Aziz Ansari Just Told Trump To ‘Go F*ck Himself’ As Only He Can (TWEET),fake
Sudan's Bashir says would support state governor in 2020 president vote,real
Anti-Trump protesters: patchwork of people and Facebook pages,real
"Russia holds rates amid geopolitical risks, sees cuts by year-end",real
Comey to confirm Trump pressured him on Flynn investigation: CNN,real
Trump distances himself from remarks on Putin over election meddling,real
 Hillary’s New Ad Brilliantly Uses Those Who Have Endorsed Trump Against Him (VIDEO),fake
"Russian defense minister, Syria's Assad meet in Damascus: agencies",real
"Erdogan, Putin to discuss Syrian peace plan next week",real
BOOM! TOMI LAHREN’S Top Tips For Liberals In 2017 [VIDEO],fake
Kremlin says it has no compromising dossier on Trump,real
Hurricane Irma threatens luxury Trump properties,real
Sen. McCain says will support changing rules to confirm Gorsuch,real
Kurd forces move back defense line around Kirkuk in disengagement effort,real
Trump administration's NAFTA demands make sense: Union Pacific CEO,real
"OBAMA BLAMES RUSSIA For Hillary’s Loss, But NEW HARVARD STUDY Exposes Who REALLY Interfered In Outcome Of Our Elections",fake
"Clinton to meet with presidents of Egypt, Ukraine next week: campaign",real
Exclusive: Skeptical Trump says would renegotiate global climate deal,real
Trump supports completion of Dakota Access Pipeline,real
Saudi Arabia says hopes Kurdistan vote will not take place,real
"Thirty-two years after quake, angry Mexicans still wait for homes",real
House Democrats escalate effort to obtain Trump tax returns,real
Rwandan leader's would-be rival Rwigara and her mother denied bail,real
Obama says China would not take change in U.S. policy on Taiwan lightly,real
Spain summons Venezuela Ambassador after Maduro's Catalonia comments,real
 RIGGED: Hillary Wins Popular Vote As Republicans Claim WH Victory,fake
"Mexico's border trade capital craves Clinton win, with caveats",real
Senate approves five Treasury nominees,real
Factbox: German coalition watch: Merkel seeks three-way alliance,real
"In Mexico visit, Trump's defense chief talks trust, respect",real
Jenner uses women's restroom at Trump property,real
Trump travel ban shows U.S. misunderstanding of anti-terror duties: Chinese state media,real
"Ex-Trump staffer sues campaign, alleges gun incident in North Carolina",real
" Stephen Colbert And His Audience Absolutely Pummeled Bill O’Reilly, And It Was Spectacular (VIDEO)",fake
Iraqi forces in final assault to take Hawija from Islamic State,real
"BLACK TV HOST HAMMERS RACIST MOOCH: ‘The only hope you have Michelle Obama, is that everybody will be as miserable as you”",fake
Saudi foreign minister welcomes release of pages from 9-11 report,real
 Trump Supporting KKK Leader Defends Trump And Alt-Right In Response To Hillary’s Brilliant Speech,fake
Honduras president with strong lead in TV station's election exit poll,real
Reveal your sources: Swiss suspect told in German spy trial,real
Spanish government says any dialogue with Catalonia must be within the law,real
Highlights: The Trump presidency on March 13 at 9:05 p.m. EDT,real
"Factbox: Trump on Twitter (Aug 25) - Republicans, John Kelly, Hurricane Harvey",real
Catalonia moves to declare independence from Spain on Monday,real
Trump and Putin see eye to eye on many foreign policy aims: Foreign Minister,real
Ex-Christie associates guilty in New Jersey 'Bridgegate' scandal,real
House Speaker Paul Ryan to rule out 2016 presidential candidacy,real
Trump says will decide on Federal Reserve chair 'very shortly',real
"U.N. rights boss sees possible ""crimes against humanity"" in Venezuela",real
Flynn did not initially disclose income from Russia-linked companies,real
Tillerson to meet Lebanon's Hariri in Paris on Friday: U.S. State Department,real
Three suspected al Qaeda militants killed in Yemen drone strike,real
WOW! CHICAGO PROTESTER Caught On Camera Admits Violent Activity Was Pre-Planned: “It’s not gonna be peaceful”,fake
"Knifeman attacks soldier in Paris subway, terrorism probe opened",real
Turkey detains 51 teachers over suspected links to coup: Dogan,real
Pro-EU group unveils Soviet-style mural of Trump kissing ex-Mayor Johnson,real
"Attorney General Sessions visits White House, not Trump",real
Bahrain's top Shi'ite cleric's health deteriorates: activists,real
DELUSIONAL HILLARY Calls Her Email Scandal The “Biggest Nothing-Burger Ever”…”They covered It Like It Was Pearl Harbor” [Video],fake
'Trump dossier' on Russia links now part of special counsel's probe: sources,real
British lawmakers urge May to tackle Trump on climate change,real
"Argentina says satellite calls detected, likely from missing submarine",real
Mexico industry eyes NAFTA changes to find common ground with Trump,real
U.S. targets Iraqis for deportation in wake of travel ban deal,real
"Mexico suffers deadliest month on record, 2017 set to be worst year",real
"South Sudan rebel groups clash, at least three dead",real
Morocco's 'mule' women scratch a living on Spanish enclave border,real
"Trump pressures Lockheed, says told Boeing to price out fighter aircraft",real
Hard Irish border post-Brexit would be risk to peace: Coveney,real
Republican Grassley to ask Trump Jr to testify to Senate panel: CNN,real
"Under China anthem cloud, rare interest in Hong Kong vs Bahrain soccer friendly",real
White House says Trump tweet meets Comey tapes records request,real
Pelosi says Trump abused power in interactions with ex-FBI chief,real
Rwandan president's challenger faces incitement charge in court,real
Trump recommits to 'major border tax' on foreign-produced U.S. products,real
Canada to expel Venezuelan diplomat in retaliatory move,real
NATO's Stoltenberg says North Korea's 'reckless behavior' requires global response,real
"Senate confirms Trump's pick to run Medicare, Medicaid",real
Mexicans race to save schoolgirl buried by quake; death toll at 237,real
"Trump, Macron discuss joint counterterrorism operations in Africa's Sahel",real
Power crews scramble to Puerto Rico after Maria smashes its grid,real
Ted Cruz did not disclose 2012 Senate campaign loan: NY Times,real
"U.S. lawmakers back Syria strikes, demand a plan from Trump",real
U.S. presses Russia to comply with nuclear missile treaty,real
INCOMING FRESHMEN Are Put On Notice With Welcome Letter From U of Chicago Dean Of Students…”Trigger Warning” Crybabies Stay Home,fake
 Student Haz A Sad After Everyone Mocks Him For His Trump Hat (VIDEO),fake
EPA staff told to prepare for Trump executive orders: sources,real
U.S. 'making a lot of progress' on North Korea issue: Trump,real
Brazil's Temer undergoes urinary tract surgery,real
Baby banned from Japanese municipal assembly,real
"Polish cut in retirement age comes into force, bucking European trend",real
U.S. arms sales jump 25 percent in FY 2017,real
"Militant blast, gun attack kill 18 police in Egypt's Sinai",real
"Egypt orders suspected Libyan militant, 14 others be held over desert attack",real
"Coalition with Merkel not automatic, all options open: Germany's SPD",real
THIS PICTURE OF HARRIET TUBMAN Should Be Used On The $20 Bill…If For No Other Reason Than To Drive Anti-Gun Left Crazy,fake
Kremlin says Putin and Trump to discuss North Korea in Vietnam,real
" GOP Gives Trump The Middle Finger, Prepares To Launch Probe Into Russia",fake
Attorney General Sessions says now recalls meeting flagged in Russia probe,real
Turkey threatens legal action after lawmaker calls Erdogan 'fascist dictator',real
"Turkey to close Iraq border, air space, will open new gate with Baghdad",real
U.S. approves possible $15 billion sale of THAAD missiles to Saudi Arabia,real
"Warren, Kaine, Castro on Clinton running-mate short list: AP",real
Extension of Iran Sanctions Act passes U.S. Congress,real
Syrian town struggles to cope alone after key victory over Islamic State,real
Activist Steyer expands agenda in bid to defeat 'dangerous' Trump,real
Senate Democrats ask Trump attorney general pick to recuse himself from Russia probes,real
Billionaire ‘Bilderberger’ David Rockefeller dead at 101,fake
Palestinian accord must abide by international accords: Israeli official,real
"U.N. chief calls for united, 'appropriate action' on North Korea",real
One body found near wreckage of Russian helicopter off Svalbard,real
"Zimbabwe's Mugabe 'ready to die for what is correct', nephew tells Reuters",real
Backlash among German MPs against parliamentary Twitter ban,real
SAY WHAT? #BlackLivesMatter TEXTBOOKS TO BE USED AS PART OF COMMON CORE CURRICULUM IN GRADES 6-12 [Video],fake
"First ""I do"" as same-sex marriage comes to Germany",real
Ex-NAACP chief Ben Jealous to run for Maryland governor,real
"Factbox: Clinton's policies on economy, Islamic State, other issues",real
China complains about Taiwan content in U.S. defense act,real
Jeb Bush gets a brotherly hand from George W. in South Carolina,real
"Possible Thales, Leonardo role in Franco-Italian ship talks: sources",real
"More than half of schools in Boko Haram's region are shut, UNICEF says",real
Mexican peso surges ahead of U.S. presidential debate,real
Panic on London's Oxford Street after reports of shooting,real
Leading Democrat: Critics can't conclude Trump is impaired,real
"Medical students, faculty rally to try to save Obamacare",real
Trump says China tried but failed to help on North Korea,real
U.S. House tax panel will not seek Trump tax returns: lawmaker,real
South Korea's Moon seeks Russia's cooperation over cut in North Korea oil supplies: Yonhap,real
Trump pick for China ambassador sees 'win-win' boost to trade ties,real
U.S. 'making a lot of progress' on North Korea issue: Trump,real
POWERFUL! FORMERLY OPPRESSED EX- MUSLIM WARNS Ignorant Americans About Danger Of “Welcoming The People I Fled From” [VIDEO],fake
How Rubio’s campaign failed: problems from the start,real
"German, Chinese leaders agree on need to tighten North Korea sanctions",real
Trump explained U.S. position on THAAD to Xi: South Korea,real
ALARMING: NSA Refuses to Release Clinton-Lynch Tarmac Transcript with Lame Excuse,fake
South Sudan commander defects to rebels amid showdown with ex-army chief,real
Pastor freed from prison in Iran to return to U.S. on Thursday: wife,real
 Trump Displays Incredible Ignorance Yet Again — Claims Credit For Term Coined Over A Hundred Years Ago,fake
Text: Trump recognizes Jerusalem as Israel's capital,real
Malaysia scraps beer festival following Islamists' objections,real
Caribbean oil terminals make preparations ahead of Hurricane Maria,real
El Salvador launches commission to find those missing from civil war,real
U.S. gives China draft proposal for tougher North Korea sanctions - sources,real
EU's Juncker says ready to retaliate if needed over new U.S. sanctions on Russia,real
Trump taps Montana Congressman Zinke to lead Interior Department,real
Senate panel says it will subpoena Michael Flynn businesses,real
Dutch authorities try to avoid Russian air ban over Schiphol landing slots,real
Virginia GOP sues governor over restoring voting rights to felons,real
Top Russian and U.S. generals discuss Syria bombing allegations: Kommersant,real
Former President George W. Bush does not cast vote for president,real
"Charlottesville schools, parents address children's fears after violence",real
"Bus drives into pedestrian underpass in Moscow, kills four: agencies",real
Germans see Trump as bigger problem than North Korea or Russia,real
Trump delays announcement on whether U.S. embassy to be moved to Jerusalem,real
U.S. list of NAFTA goals 'not earth-shattering': Canada source,real
 Colbert Outs Republicans As The True Weirdos For Obsessing Over Who Goes To The Bathroom (VIDEO),fake
Tens of thousands march for abortion rights in Ireland,real
Ex-Christie associates lose bid for new trial in 'Bridgegate' case,real
Senate to vote on just two Trump national security picks on Friday,real
Son of Russian lawmaker pleads guilty in cyber crime cases,real
" WATCH: Morning Joe Host Tells Kellyanne Conway To Go F*ck Herself, BANS Her From Show",fake
"After sowing doubts, Trump backs NATO mutual defense under charter",real
Mayor says Atlantic City may face bankruptcy after bill vetoed,real
Islamic State seizes new Afghan foothold after luring Taliban defectors,real
ILLEGALS BEFORE AMERICAN CITIZENS: ACLU Sues 3 Missouri Colleges For Refusing Tuition Benefits To Illegal Aliens,fake
Hope fades after 9 days of searching for Argentine submarine,real
NORDSTROM CANCELS IVANKA TRUMP BRAND After Liberal Complaints #BoycottNordstrom,fake
Fractured Republicans come together in face of Trump triumph,real
WOW! DEMOCRATS Offer Tips On How To Convince Friends Christians Are More Likely To Commit Acts Of Terrorism Than Muslims,fake
Senate to vote on Saudi arms sale measure this week: senators,real
Exiled Venezuelan opposition magistrates resurface in Chile,real
"Mexico to cut share of refined sugar sent to U.S., minister says",real
" Black Man Detained By Cops After Withdrawing $200,000 Of HIS OWN Money (VIDEO, IMAGES)",fake
Egypt's Sisi invites Palestinian president to Cairo to discuss Trump's Jerusalem move,real
LEFTIST HATE ON STEROIDS: Donald Trump Tombstone Appears In NYC,fake
Pro-Kurdish opposition leader's trial opens in Turkey,real
Prospects for House vote on gun control measure dims,real
France's Macron presses Saudi king to lift Yemen blockade: Elysee source,real
FEDERAL JUDGE Goes On Rant About Cops Killing Blacks….Declares: “Black Lives Matter!”…Blames Deaths Of Cops On Cops,fake
House Speaker Ryan easily wins primary: media,real
Texas House passes 'bathroom bill' targeting public schools,real
"Republican Senators Corker, Toomey reach deal on budget resolution",real
Obama unveils wage insurance plan to spur job seekers,real
"Biden, Ukraine's Poroshenko to meet Thursday: White House",real
Mattis says U.S. working to ensure situation around Kirkuk does not escalate,real
Indonesia ready to help Bangladesh in dealing with Rohingya refugees,real
Trump handling of security information at Mar-a-Lago queried by House panel,real
Republican Moore embraces Trump message on eve of Alabama election,real
Jared Kushner NEVER Registered To Vote As A “Female”…Media Lie BACKFIRES…Shines Bright Light On How Easily Voter Fraud Can Occur,fake
"Canada, U.S. join forces on tackling border asylum-seekers",real
Trump builds team of bosses to shake up Washington,real
Protests test tribal authority on South Africa's platinum belt,real
JUDGE ROY MOORE BLASTS Latest Accuser’s Press Conference With Same Liberal Lawyer Who Tried To Take Down Trump: “I Don’t Even Know The Woman”,fake
Obama makes last attempt to persuade Congress to close Guantanamo,real
NOT KIDDING: ARIZONA NEWSPAPER Concerned Border Fence Too High For Illegals To Cross Safely,fake
Grace Mugabe: the office worker who wanted to rule Zimbabwe,real
ANGRY Venezuelans CHASE Their President…Bang On Pots And Yell [Video],fake
Man arrested at Trump rally said he wanted to shoot candidate: court papers,real
Somalia says it requested U.S. air strike that killed 100 militants,real
VETERANS CAN’T GET HEALTH CARE…But These MN Somali Muslims Got US Taxpayer Dollars For College…Used It For Jihad,fake
Four Democrats seek probe into reviews ordered by acting SEC chair,real
Rights groups urge end to Poland's overhaul of judiciary,real
"Factbox: Trump on Twitter (Sept 13) - Tax reform, Florida",real
"Tillerson says U.S., Russia can settle problems, ease tension",real
Airlines in Cairo asked to implement Trump travel ban: EgyptAir official,real
Support for an independent Catalonia rises to three-year high: poll,real
"At G20 summit, Trump pledges $639 million in aid to four countries",real
Indonesian parliament speaker quits amid graft investigation,real
Pompeo might bring assets to 'hellish' secretary of state role,real
PRESIDENT Promotes Made in America: Omaha Steaks Owner “Wanted to Kiss Me” for Reopening Trade with China [Video],fake
Indonesia court rejects petition to bar consensual sex outside marriage,real
Trump was wrong to retweet UK far-right group: British PM May's spokesman,real
Britain's Queen Elizabeth bows out of Remembrance wreath-laying ceremony,real
Son Of Egyptian Immigrants Hopes To Become FIRST MUSLIM GOVERNOR In U.S…Will Push For “Sanctuary State”,fake
Ryan opposes Trump working with Democrats on healthcare,real
CLINTON ABRUPTLY Cancels Plans To Go to Charlotte On Sunday…Gives Lame Excuse,fake
U.S. Senate's top tax lawmaker targets corporate offshore profits,real
"Trump says tax conference will go well, 'pretty quickly'",real
Louisiana governor says state's finances in dire situation,real
Trump proposes 15 percent business tax rate: White House summary,real
"Factbox: Humanitarian crisis in Bangladesh as 270,000 Rohingya flee Myanmar",real
"As Republican tax vote nears, more senators waver",real
Hariri tells Lebanese president will be in Lebanon Wednesday: Aoun,real
“STOP BLAMING WHITE PEOPLE For Trump’s Win Last Night…America Voted For Actual Change” [VIDEO],fake
British negotiators still working on Brexit deal: Treasury minister,real
Senator Schumer expects 'mainstream nominee' for Supreme Court,real
U.N. rights forum to hold special session on Myanmar Rohingya - U.N. sources,real
France sees U.S. strike on Syria as tool to push for peace talks: Hollande,real
Mattis slams 'false' reports on Trump request for nuclear arms hike,real
U.S.-South Korea military exercise to start Aug. 21: Pentagon,real
Most Americans want Obama to nominate Scalia's replacement: Reuters/Ipsos,real
Refugees' health problems in Greece mostly unmet: medical charity,real
FACTBOX: About 6.1 million without power in U.S. Southeast after Irma: utilities,real
Clinton knocks Trump for cheering housing bubble burst,real
Democratic senator tussles with U.S. Treasury secretary over communication,real
Britain's defense minister resigns in growing harassment scandal,real
Malta offers 1 million-euro reward to find journalist's killers,real
Santorum to pull out of Republican White House race: CNN,real
"China backs U.N. call for justice in Yemen, U.S. and Saudis don't",real
OBAMA DOUBLES DOWN On The Threat Of Climate Change vs. Terrorism [Video],fake
FULL INTERVIEW: Judge Jeanine Pirro’s In-Depth Interview With President Trump [Video],fake
House Democratic leader Pelosi backs Clinton for president,real
"Trump mulls national security adviser pick, White House promises autonomy",real
Trump to meet with House Republicans on July 7,real
No prosecution for Trump campaign manager Florida battery charge,real
Thirty-one bodies recovered after migrant boat sinks off Libya,real
MONTEL WILLIAMS Says Oregon Patriots Are “Undereducated Terrorist Buffoons” And National Guard Should “Shoot To Kill” Them,fake
 Dem Challenger To Paul Ryan Has Raised A Massive Amount Of Money In The Last 24 hours,fake
Girl strapped with bomb kills five in Cameroon mosque,real
"Merkel, responding to Trump, says Europe's fate is in its own hands",real
"Bomb attack kills one Bahraini policeman, wounds eight",real
JUST IN: RAND PAUL ASSAULTED By Democrat Doctor…Here’s What We Know About The Attacker,fake
Facebook says Russian-linked accounts spent just 97 cents on ads over Brexit,real
Trump's not-so-quick fix to undo Obamacare,real
Iran's Rouhani says Trump election has no effect on Tehran policies: IRNA,real
Shots fired at DMZ as North Korean soldier defects to South,real
McCain’s Mad World and The Cancer of Conflict,fake
Detained asylum-seekers win right to sue PNG government for compensation,real
Vote on gun control measures in Senate likely on Tuesday: Feinstein,real
U.S. commerce chief Ross says nothing improper about investments: BBC reporter,real
Israeli minister says was misunderstood on war remarks with Iran,real
"Iran vows to stand with Baghdad, Ankara against Iraqi Kurds' independence push",real
Beijing evictions leave migrant workers in limbo as winter deepens,real
"While wealthy Mexicans swamped by quake aid, poor feel abandoned",real
Earthquake of magnitude 6.1 strikes off southern Japan: USGS,real
Exclusive: U.S. congressional committee demands answers on WHO cancer agency,real
Kurdistan region says Iraqi forces preparing major attack in oil-rich Kirkuk,real
Zimbabwe army hands ex-finance minister to police: relative,real
"Trump health pick defends stocks, says Americans won't lose insurance",real
Democratic lawmakers press Flynn on Middle East trips,real
"(VIDEO) FRIDAY NIGHT’S HYSTERICAL TAKE ON THE BOEHNER, MCCONNELL, CRUZ TUSSLE",fake
Merkel warns Hungary of financial consequences of defying EU on migrants,real
"Kremlin, after Kurdish vote, says supports integrity of regional states",real
Arab coalition says will keep Yemen port open; air raids kill at least nine,real
White House meeting on Paris climate deal postponed: official,real
Senior Republican says Obama seeking moderate Supreme Court justice,real
Anti-Trump Protester’s X-Rated Comment Angers MSNBC Anchor: “Grow The Hell Up!”,fake
Security for Trump's summer visit ruffles tranquil New Jersey town,real
 Supreme Court Unanimously Rejects Republican’s Latest Election Rigging Scheme,fake
"China will stick to supply side structural reform, overcapacity reduction efforts",real
U.N. medics see evidence of rape in Myanmar army 'cleansing' campaign,real
Ohio governor lacks power to suspend open carry law: spokeswoman,real
"Starbucks, Univision, Democracy Works aim to boost U.S. voter turnout",real
DUP says Northern Ireland will leave EU on same terms as rest of UK,real
Trump campaign says it raised $80 million in July: statement,real
Trump tells Congress: 'Get ready to do your job - DACA!',real
Campaigning in style: How Jeb Bush blew through his war chest ,real
Iraqi Kurdish opposition party Gorran calls on Barzani to step down,real
Tillerson pays flying visit to Afghanistan to discuss U.S. strategy,real
Trump: Father of UCLA player in shoplifting case is 'ungrateful fool',real
Syrian army fights IS in Deir al-Zor as U.S.-backed forces loom,real
"As 'Bridgegate' trial begins, New Jersey's Christie remains focus",real
China to expand corruption supervision pilot scheme nationwide: Xinhua,real
Ex-Trump aide Flynn's family creates fund for 'enormous' legal fees,real
"Santorum to attend Trump's rally, campaign says",real
"Peru's president pardons ex-leader Fujimori, citing his health",real
"Trump will accept election results if it's fair, his son says",real
CNN’s Don Lemon: Is He an Alcoholic or Just a Drunk?,fake
Greek prime minister says Turkey should continue its European orientation,real
U.S. jurors hear closing arguments over Iran-linked office tower,real
White House: Congress would have most impact on fighting tax avoidance,real
"Obama: US, Nordic nations agree sanctions against Russia should continue",real
"Senate passes budget blueprint, key to Trump tax effort",real
Car bomb kills journalist in Somali capital,real
Border without doctors? South Koreans urge more funding for trauma care after defector drama,real
No. 2 Republican in U.S. House sees conference on tax bill soon,real
Czech far-right party says will not support new government,real
U.S. partnership with Turkey in Islamic State fight 'very strong',real
McMaster says 'not concerned' after Kushner back-channel reports,real
"Kremlin: accusations that Russia behind Kiev blast are ""baseless""",real
No vote on healthcare bill this week in U.S. House,real
U.S. bomber drills aggravate North Korea ahead of Trump's Asia visit,real
Highlights: The Trump presidency on March 1 at 8:16 p.m. EST,real
EPA head seeks to avoid settlements with green groups,real
Russian warships dock in Philippines as Manila cultivates new ties,real
"Trump's push to cut federal jobs has modest impact, mostly in defense",real
" Paul Ryan Sharpens His Backstabbing Knife, Prepares War With White House (VIDEO)",fake
EU states see Britain failing to meet Brexit divorce terms,real
"Reuters journalists in Myanmar appear in court, remanded for another 14 days",real
SEC nominee Clayton to get Senate panel vote April 4,real
Turkish warplanes kill three Kurdish militants in northern Iraq: army,real
House panel spars over self-driving car rules,real
Battle over N.C. transgender law intensifies as lawmakers reconvene,real
U.S. mulls request by lawmakers to waive shipping limits on Puerto Rico,real
"Turkey, Iran, Iraq may meet to discuss Kurdish Iraqi referendum: Turkey PM",real
Russia's Putin congratulates Trump on election win,real
Governor extends Flint water emergency as state approves funds,real
Trump says picks Mulvaney to be White House budget director,real
 GOP Rep. Just Achieved The IMPOSSIBLE By Outdoing Trump’s Hypocrisy On February Jobs Report,fake
RED FLAG IN CLINTON’S FBI INTERVIEW Shocks Former Prosecutor Andrew McCarthy,fake
Jordan sentences Syrian militant to death over border attack,real
Ohio governor signs bill legalizing medical marijuana,real
Britain must be clearer on Brexit divorce bill: Dutch PM,real
 It’s Mueller Time!: Russia Probe Just Got Worse For Trump And It’s Going To Hurt,fake
"Friendly no more: Trump, Cruz erupt in bitter fight at Republican debate",real
"U.S. expels 15 Cuban diplomats, fuelling tensions with Havana",real
House budget chief expects budget resolution approval in October 5 vote,real
Watchdog presses U.S. lawmakers to probe Icahn's role with Trump,real
Trump believes Roy Moore should step aside if allegations are true -White House,real
Trump moving U.S. toward era of bilateral trade: White House,real
Lithuania gets minority government as junior partner leaves,real
Trump says Iran complying with nuclear deal but remains dangerous threat,real
Putin to meet Erdogan in Ankara on Sept 28: Kremlin,real
Who’s Better: “Dangerous Donald” or “Crooked Hillary”?,fake
" Mothers Of The Movement Bring DNC To Tears, So Right-Wing Racists Come Out In Droves (VIDEO)",fake
Trump health pick favors insurance for people with prior illness,real
Trump to meet Latin American leaders with eye on Venezuela,real
"The Final Control: TPP, TTIP, TISA Global Corporate Takeover",fake
Factbox: Points of contention in talks on German coalition,real
Trump says his travel ban needed to ensure U.S. religious freedom,real
Senate's McConnell says tax bill should be revenue neutral,real
Unlikely allies eye vote to legalize cannabis in New Zealand,real
Ex-U.S. Attorney Yang being considered for SEC chair: source,real
Boeing says current Air Force One contract worth $170 million,real
Obama defends record on terrorism in national security speech,real
Arab rivalries exposed as Egypt targets Qatar in UNESCO vote,real
"Beating rivals and the odds, Trump captures Republican nomination",real
Some Republicans see attacking Obamacare through regulation,real
Lesotho detains army major over killing of military leader,real
Trump populism comes to Canada as Conservatives seek leader,real
"Zimbabwe's top general ready ""to step in"" to end purge of ousted VP supporters",real
Germany could award contract for new spy satellites this month: RND news group,real
U.S. adjusts military support to partners in Syria: White House,real
Trump open to Dreamers relief legislation without wall funding -aide,real
Wilbur Ross sworn in as secretary of commerce,real
Zimbabwe court postpones U.S. citizen's subversion case to January,real
U.N. chief says no communication with North Korea is dangerous,real
Illinois governor reports $188.1 million in 2015 personal income,real
Trump garners two more endorsements in U.S. Congress,real
U.S. military says conducted air strike against ISIS in Somalia,real
U.S. officials step up rhetoric on Russia link to email hacks,real
BRAVO! POPULIST REPUBLICANS Target Out Of Control LEGAL Immigration Like The Ridiculous “Diversity Lottery”,fake
Paraguay senator with dictatorship ties to run for president,real
MARK STEYN ON CNN EXTORTION: Wolf Blitzer Has Put A Horse’s Head In Some Guy’s Bed,fake
WATCH: ARROGANT Sexual Predator and Sometimes “Comedian” Louis C.K. Tells Stephen Colbert “Donald Trump Is An Insane Bigot and Hitler”,fake
Peru opposition-ruled Congress approves Kuczynski's new cabinet,real
"Bloomberg opts out of U.S. presidential bid, calls for centrism",real
"Trump needs to accept waterboarding is prohibited torture, U.N. specialist says",real
NOT KIDDING! Serial Liar Brian Williams Blames “FAKE NEWS” For Hillary’s Loss On MSNBC Last Night [VIDEO],fake
"#LockHimUp Former Oversight Chair Jason Chaffetz: If Comey’s Leaked Memos Contained Classified Information, He Should Have Handcuffs On And Go To Jail",fake
Trump discusses immigration ideas in dinner with Republican lawmakers,real
Brazil's Temer faces new graft charges over JBS testimony,real
"Yahoo under scrutiny after latest hack, Verizon seeks new deal terms",real
Saudi Arabia arrests 46 for stirring divisions: state media,real
New York attorney general says will sue over Obamacare repeal,real
May heads for Brussels as last-minute Brexit talks go on,real
Somalia rebukes its states for breaking with Qatar,real
Tillerson cites Russian inaction as helping to fuel Syrian poison gas attack,real
 Ohio Fireman In Deep Sh*t For HORRIBLE Remarks About Saving ‘N*****s’,fake
 Sarah Palin: My Husband Nearly Dying Made Me Realize How Important It Was To Elect Trump (VIDEO),fake
"WELL, DUH! Transgender Wins International Women’s Weightlifting Title",fake
Top U.S. Senate Democrat holds out hope for Obamacare subsidies,real
FBI opens investigation into South Africa's Guptas: FT,real
Republicans have finalized compromise U.S. tax bill -chief House tax writer,real
"Juncker wants EU finance minister, no separate euro budget or parliament",real
Thai king's remains laid to rest at end of five-day ceremony,real
BREAKING! INVESTIGATION: Hillary Clinton Did NOT Comply With Records Rules,fake
"UK government, including Johnson, united behind May's Brexit plan: spokeswoman",real
Indonesia parliament speaker taken into custody by anti-graft agency,real
Trump says he and China's Xi to try to end opioid crisis,real
DECLASSIFIED US INTEL REPORT Used To Discredit Trump Is Huge Embarrassment…Evidence Was Compiled In 2012 After OBAMA’S Reelection,fake
White House: Michelle Obama to join husband on trip to Britain,real
China says opposes unilateral sanctions after new U.S. curbs target North Korea,real
"Medical providers oppose Trump-backed health plan, Democrats take aim",real
Kellyanne Conway's husband says Trump tweets hurting legal case,real
FOOTBALL LEGEND JIM KELLY: “Donald Trump took care of my whole family” during cancer scare [Video],fake
Britain says expects most EU citizens can stay after Brexit,real
Mattis praises Philippine army on winning fight in Marawi without rights abuse,real
Brexit deal guarantees no hard border in Ireland: Irish foreign minister,real
Lockheed Martin wins $743 million U.S. defense contract: Pentagon,real
Trump criticizes GM for Mexico investments,real
Britain's Johnson says no need for gloom about Trump victory,real
 ‘Maury’ Show Official Facebook Posts F*CKED UP Caption On Guest That Looks Like Ted Cruz (IMAGE),fake
"Trump says travel ban should be 'larger, tougher and more specific'",real
Senate diverges over renewal of internet spying law,real
DRAIN OBAMA’S RADICAL SWAMP! Rep Chaffetz Calls Out OBAMA APPOINTED Fed Gov Ethics Director Over UNETHICAL Public Criticisms Of Trump,fake
Brazil captures most wanted arms trafficker in Paraguay,real
State Department official 'pressured' FBI to declassify Clinton email: FBI documents,real
"BOOM! TED CRUZ, DESANTIS PUSH For Term Limits: “It is well past time to put an end to the cronyism and deceit…”",fake
" Trump Explains Why He Fired James Comey, F*cks Up And Admits He Should Be Impeached (VIDEO)",fake
U.S. Attorney General Sessions to hold a news conference on Thursday,real
 Foreign Governments Have Been Giving Elections To Republicans For Decades,fake
Spanish lender Sabadell to transfer legal base to Alicante - spokeswoman,real
North Korea not ready to meet with South Korea in Russia: agencies,real
Senate committee issues subpoena for Manafort: statement,real
U.S. FCC chief unveils plan to scrap Obama-era internet rules,real
House Armed Services chairman: Trump budget not enough for U.S. military,real
Phoenix mayor calls on Trump to postpone rally planned for next week,real
Opponents of Saudi 9/11 bill keep up fight ahead of veto override vote,real
Trump says discussed forming cyber security unit with Putin,real
"MSNBC host leaving the Republican party, becoming an independent",real
Ex-president George H.W. Bush moved to intensive care; wife hospitalized,real
JESSE WATTERS Takes On Young Anti-Trump Protesters: “He said that black people are ignorant” [Video],fake
Turkey's Erdogan presses world leaders to help Myanmar's Rohingya,real
Danish minister republishes controversial Prophet cartoon on Facebook,real
"McCain says 'no information' Russia sought to influence election, probe needed",real
Man with Palestinian flag smashes Jewish restaurant windows in Dutch capital,real
" BREAKING: Shooter Targets Congressional Republicans At Baseball Practice, Steve Scalise Shot",fake
TRIGGERED! FORMER CIA AGENT: ‘Trey Gowdy Ought to Have His A** Kicked’ [Video],fake
Foreign minister warns UK cannot become 'vassal state' of EU,real
Russia's foreign minister discussed Syria with his Turkish counterpart,real
U.N. vote a resounding global 'No' to U.S. intimidation: Iran's Zarif tweets,real
Merkel wants progress in coalition talks in 10 days,real
PUTIN ACCUSES U.S. Of Leaking Flight Path Of Russian Plane Shot Down By Turkey…Turkey Buying ISIS Oil,fake
South Korea confirms traces of radioactive gas from North Korea's nuclear test,real
Clinton names Obama veterans to White House transition team,real
"For Chinese officials, Trump perhaps better the devil they don't know",real
"In circuitous speech, Trump touts VP pick Pence as man to unify party",real
Clinton need not give sworn testimony over emails: U.S. judge,real
"Trump 'not thrilled' with debate dates, Clinton vows 'to be there'",real
German official warns U.S. not to use sanctions for industrial policy,real
"About 100,000 Kurds have fled Kirkuk since Monday: Kurdish officials",real
Norway government to rule in minority after centrists abandon talks,real
Trump drops plan to create infrastructure council: White House,real
Russia spurns U.S. allegations it violates nuclear arms pact,real
"Trump discussed free trade pact with Japan's Abe, U.S. envoy says",real
Labor nominee Puzder's company wins discrimination trial delay as confirmation looms,real
Iraq's Abadi accepts Macron invitation to come to discuss Kurds: Elysee source,real
Obama signs into law opioid addiction bill to protect newborns,real
Australian police say car that hit pedestrians in Melbourne was a deliberate act,real
Europe rights watchdog says Turkey's emergency laws go too far,real
U.S. sanctuary cities weigh response to Trump's threat to curb funding,real
FLASHBACK To 2014 WaPo Headline: “Obama Should Fire John Brennan” For Lying…Only One Year After James Clapper Was Caught Lying Under Oath,fake
Trump says violence by anti-fascists proves him right on Charlottesville,real
Woman arrested trying to scale gates of UK's Buckingham Palace,real
Iran names nuclear negotiating team member jailed for spying,real
Justice Department names new acting head of drug enforcement agency,real
"New Cyprus talks must offer clarity to Turk Cypriots, official says",real
Two Danish journalists wounded in Islamist knife attack in Gabon,real
U.S. to push ahead on climate pact before Trump takes over: Kerry,real
U.S. backs out of Latam development fund in sign of policy shift,real
"In Beijing, Trump presses China on North Korea and trade",real
 Intel Committee Member: ‘Innocent People Don’t Ask For Immunity’ (VIDEO),fake
House Democrats rally to protect Special Counsel Mueller,real
" Trump Put Himself In Deep Sh*t, Personally Drafted Statement Lying About Jr’s Russia Meeting",fake
Iranian military chief visits frontline near Aleppo,real
Draining the swamp: Hard-hit Everglades town mops up after Irma,real
"Chinese state tabloid warns Trump, end one China policy and China will take revenge",real
Israel says it foiled planned ISIS-inspired attack at Jerusalem holy site,real
House Speaker Ryan says contested Republican convention more likely,real
 Poll Shows Growing Number Of Republicans Don’t Think Trump Is The Best Option For The GOP,fake
Trump wants to make sure U.S. nuclear arsenal at 'top of the pack',real
 Elijah Cummings Made Sure The GOP Is Well Aware They’re Hypocritical A**holes Regarding Flint,fake
Sanders to Trump: use defense contracts as leverage for Carrier jobs,real
House backs massive increase in defense spending,real
"In Athens, Macron to urge renewal of EU democracy",real
"Chile's foreign minister: TPP not dead, despite Trump comments",real
Indonesia to reopen Bali airport after closure due to volcano,real
"Trump spoke with U.N. secretary general, met with union reps",real
Ukraine agrees to sign EU summit declaration: officials,real
South Africa's Ramaphosa steps up criticism ahead of ANC leadership vote,real
"Trump expected to decertify Iran nuclear deal, official says",real
Colombia urgently crafting law to allow crime gangs to surrender,real
 BOMBSHELL: Devin Nunes’ Entire Net Worth Sunk In Company With Strong Ties To Russia,fake
Russian long-range bombers strike Islamic State targets in Syria,real
[VIDEO] CARLY TAKES ON THE VIEW Hacks Only Days After Saying She Has A “Demented Face” And A “Halloween Mask”,fake
Saudi Arabia condemns Trump decision to recognize Jerusalem as capital of Israel,real
FBI fear of leaks drove decision on emails linked to Clinton: sources,real
"In court first, Swede jailed for rape of children online",real
Lebanon's Aoun says PM Hariri's freedom restricted in Riyadh,real
"Hariri warns Lebanon faces Arab sanctions risk, to return in days",real
Trump says may tie infrastructure with healthcare or tax reform: NY Times,real
Congo sets presidential election for December 2018,real
Togo forces fire tear gas to disperse anti-government sit-in,real
"Tillerson to discuss North Korea crisis, trade in China",real
Trump says never asked Comey to stop investigating Flynn,real
Trump to receive first security briefing: sources,real
Trump threat to run as independent counterproductive: party chief,real
LOCAL REPORTER IN DEEP BLUE STATE Stuns Liberals When He Goes Rogue…Tells Truth About Guns [VIDEO],fake
"Obama meets with national security team on Syria, Islamic State",real
Russia's Lavrov: little difference between policies of Trump and Obama - RIA,real
Mexico says won't pay for Trump's 'terrible' border wall,real
"PM May's deputy to keep job after pornography claims, ITV says",real
China's probes of rights lawyers 'alarming': Human Rights Watch,real
"FBI, Secret Service probe letter sent to Trump's sister: NBC",real
Obama says U.S. special relationship with Britain will endure,real
ADVISORY: Story on Kushner visiting Iraq withdrawn,real
ABOUT HILLARY’S COUGH: We Discovered The Secret To Why She Keeps Coughing [Video],fake
ILLINOIS: ENTIRE TEAM OF 8-Yr Old Kids Perform Disgusting Act of Disrespect For Our Flag and Law Enforcement Under Guidance Of Coach,fake
"Mediterranean ""by far world's deadliest border"" for migrants: IOM",real
"Malay woman to be Singapore president, puts minority representation on agenda",real
Michigan governor expects no charges over Flint crisis: newspaper,real
"Philippine anti-narcotics chief warns of drugs war slowdown, police target assassins",real
Kurdistan region refuses to hand over border crossings to Iraqi government: Rudaw,real
Justice Department will not file immediate stay against Seattle immigration ruling,real
Trump DACA decision followed months of meetings involving senior Democrat,real
Erdogan says U.S. can't buy Turkish support on Jerusalem,real
Cambodian PM pulls back on threat to shut rights group founded by rival,real
" According To The New White House Chief Strategist, Liberal Women Are Just ‘A Bunch Of Dykes’",fake
Congress passes funding bill averting government shutdown,real
Iran tests new missile after U.S. criticizes arms program,real
House Freedom Caucus chief calls for U.S. tax reform plan by end-July,real
"Trump celebrates first 100 days as president, blasts media",real
DNA tests on Dali's body refute woman's paternity claim,real
Indian tycoon Mallya appears in UK court on new money-laundering accusations,real
"EU must be part of U.S. Middle East peace push, Ireland says",real
Trans-Atlantic data talks targeted by U.S. Republicans at 11th hour,real
"Senators question Kaleo' $4,500 tag on opioid overdose treatment",real
Graft probe into Mexico president's ally poses tricky challenge ahead of elections,real
"NSA chief, intelligence director won't comment on Trump conversations",real
"In Alabama's Senate race, contenders fight over who is Trump's biggest fan",real
Indonesia demands answers after military chief denied U.S. entry,real
Democrat Gillibrand opposes Trump's Supreme Court nominee,real
U.S. Senate moves Jeff Sessions toward confirmation as attorney general,real
Henningsen: Obama White House Colluded with Facebook to Fabricate ‘Russian Bot’ Conspiracy,fake
Comoros lawmaker leading citizenship inquiry attacked,real
Hurricane Irma worsens Latin America's fuel supply crunch,real
"Tillerson: Trump did not discuss 'sources, methods' in meeting with Russia's Lavrov",real
Second day of jury deliberation for Turkish banker ends with no verdict,real
 Watch Hillary’s Reaction When Security Tries To Kick Shirtless Male Supporters Out Of Her Rally,fake
Republican tax code revamp hits House budget obstacle,real
White House says making 'a lot of progress' on tax reform,real
Russia blocks bid to briefly extend Syria chemical weapons inquiry,real
Republicans plan healthcare vote; Obama and TV host denounce bill,real
Japan weighs plans to deal with North Korean evacuees in case of crisis,real
Russia to limit U.S. military observation flights: RIA,real
U.S. will circulate resolution on North Korea this week,real
Obama suggests U.S. embassy move to Jerusalem could be 'explosive',real
Qatar emir says open to dialogue to resolve Gulf crisis,real
Protesters call for justice after Maltese journalist's killing,real
"German killer nurse suspected of 84 more murders, police say",real
Rationale for U.S.-EU trade deal still strong after Brexit vote: USTR,real
Tillerson says working to bring stability to Russia ties,real
Pakistan official details car chase that freed kidnapped U.S.-Canadian family,real
WATCH: THINGS GOT REALLY AWKWARD When NBC Sent Hoda Over To Help Spike Megyn Kelly’s Miserable Ratings,fake
Zimbabwe's state mouthpiece captures fall of First Lady Grace,real
Cavani strikes back with four goals as PSG sink Caen,real
"Czech parliament picks speaker, opens way for new prime minister",real
Jailed British-Iranian charity worker received letter from ex-UK PM Cameron: prosecutor,real
U.S. does not recognize Kurdish independence vote in Iraq: Tillerson,real
Trump EPA lags behind in environmental enforcement: report,real
Canadian pastor escaped execution due to foreign citizenship: CBC,real
U.S. sees business as usual at ports of entry when travel ban starts,real
Undocumented immigrants given roles at Democratic convention,real
"Trump, Liberal Hypocrisy & Humanity’s Future",fake
Czech foreign minister lightly injured in car accident: ministry,real
U.S. farm heartland lobbies to steer Trump away from Mexico trade war,real
Venezuela Maduro warns of repeat elections in states won by opposition,real
"No breakthrough in Supreme Court dispute between Obama, Republicans",real
Mexico says president Pena Nieto to meet Trump on Wednesday,real
"U.S. government watchdog to review Mar-a-Lago trips, Trump hotel profits",real
Tillerson stresses diplomacy on North Korea amid threats: ABC,real
May's government pushes Brexit bill to avoid 'chaotic' departure,real
New Hampshire governor asks Trump to stop Indonesian deportation effort,real
Lack of clear UK stance making Brexit talks tough: French PM,real
White House adviser Rhodes to meet with Cuban Americans in Miami next week,real
"Turkey wants Iraq's Kurdish region to drop referendum, avoid sanctions",real
EPA watchdog expands audit of administrator's travel: memo,real
Michigan governor's aides urged switch away from Flint River,real
White House weeks away from naming anyone to Fed: official,real
Factbox: Key issues in the NAFTA renegotiations,real
"Factbox: Trump on Twitter (July 26) - U.S. Military, Transgender individuals",real
 Carrier Workers BLAST Trump: ‘He Lied His Ass Off’,fake
Decision on whether Trump adviser Bannon keeps his job is imminent: Axios,real
Ex-ally of Malaysian PM Najib held in graft probe: source,real
 Racists’ Heads Will Explode When They Find Out White-On-White Crime Is Higher,fake
BREAKING: RUSSIA SMELLS OBAMA’S FOREIGN POLICY WEAKNESS AND MAKES A MOVE,fake
ANTI-GUN Zealot KATIE COURIC Hit With $12 MILLION Defamation Lawsuit By 2nd Amendment Group [VIDEO],fake
BREAKING: MYSTERIOUS METAL OBJECT Flings Out Of Hillary’s Pant Leg During Apparent Convulsion Or Seizure [Video],fake
"Militants attack Egypt police, dozens killed: sources",real
Security tight as Germany marks anniversary of Christmas market attack,real
EU's Tusk appealed to Rajoy to avoid escalation in Catalonia,real
Trump campaign star Conway named as his presidential counselor,real
Factbox: Countdown to Brexit breakthrough?,real
"Sanders rejects deal on Puerto Rico, offers alternative",real
BREAKING: CLINTON CLEARED…Was This A Coordinated Last Minute Trick To Energize Hillary’s Base?,fake
Puerto Rico either gets legislative fix or humanitarian aid: Congressman,real
Southeast Asia summit draft statement skips over Rohingya crisis,real
"U.S. will change course on climate policy, says former EPA transition head",real
Trump could pull out of global climate accord in a year: lawyers,real
"Islamic State claims responsibility for blast in Afghan capital, Kabul",real
Pennsylvania $2 bln budget gap is 'time bomb': governor,real
Libyans dig for water in latest test for capital's residents,real
Zimbabwe minister Moyo's Twitter account hacked: family member,real
 Cowardly GOP Rep. Files Police Complaint Against SENIORS Because He’s TERRIFIED Of Dissent,fake
 WATCH: Chuck Todd Reveals More Evidence Trump’s Campaign Is A Money Making Scheme,fake
"Mueller says Trump Jr, Manafort can testify publicly in Senate: Feinstein",real
 Why This Attorney General Is Going After Trump For ‘Fraud’,fake
Factbox: Belgian procedures for executing a European arrest warrant,real
Trump says he believes Pakistan starting to respect U.S. again,real
"Trump speaking by phone with Israel's Netanyahu, Jordan king, Abbas: White House",real
Kenya's Odinga pulled out of election to avoid defeat: deputy president,real
"Unlike Trump, Americans want strong environmental regulator - Reuters/Ipsos",real
"Iran, EU and Russia defend nuclear deal after Trump threat",real
Three U.S. senators ask Mylan for EpiPen military reimbursements,real
Republicans seek special counsel's removal from Russia probe,real
Sweden seeks to buy $1 billion U.S. Patriot air defense missile system,real
Argentina judge says death of prosecutor Nisman was murder,real
China urges all sides to find political settlement to war in Syria,real
"Four killed, 11 injured as train collides with army truck in Finland",real
Students sent home from Indonesian Islamic school linked to child fighters,real
Factbox: Five facts about ex-Trump security aide Michael Flynn,real
National Party leads in New Zealand polls; New Zealand First still likely kingmaker,real
"Hoyer, asked on German finmin post, says 'extremely happy' at EIB",real
No deal on tax among German coalition parties: conservative politician,real
U.S. House panel to begin hearings on tax reform next week,real
" Christie Goes Ballistic On Cruz For ‘Awful, Selfish Speech’",fake
U.S. ready to confront Beijing on South China Sea: admiral,real
Gunmen kill 13 Niger gendarmes in attack near Mali border,real
Jordan border crossing with Iraq to reopen in major boost to ties,real
White House does not rule out Sessions recusal on Russia probes,real
Iraqi-backed Yazidi group takes over Sinjar after Kurdish pullout: residents,real
Ex-Trump adviser Flynn talking to Congress about testifying in Russia probe: lawyer,real
"Obama aides slam Trump over claim about past presidents, fallen soldiers",real
MUSLIM ASSIMILATION UPDATE: Migrants Arrested For STONING Transgender Women In GERMANY,fake
Republican Sandoval withdraws as possible Supreme Court pick,real
"Trump foreign policies could hurt, help his business empire",real
"Trump signs Russia sanctions bill, Moscow calls it 'trade war'",real
 Trump Is Now Threatening A Lawsuit Over Copyright Violation Of His Penis (IMAGE),fake
Trump dictated misleading statement on son's meeting with Russian: Washington Post,real
Thousands of Indonesians join anti-Myanmar rally in Jakarta,real
Trump to meet with airline CEOs on Thursday: White House,real
Uzbek president says economic data was 'fiction' for years,real
 Anthony Bourdain Reveals The ‘ONE Good Thing’ About Trump And It’s HILARIOUS,fake
Beijing kindergartens get permanent inspectors after abuse scandal: Xinhua,real
McCain calls on Trump to help Ukraine against Russia attack,real
"Danish PM's party dealt blow at local election, Social Democrats gain",real
Senate healthcare holdout Collins never got call from Trump,real
German ban on Islamist group True Religion confirmed as complaints dropped,real
Tillerson set to meet Trudeau for North Korea crisis talks: source,real
"Trump team wants more NAFTA access for U.S. goods, services: lawmakers",real
Exclusive: Republicans mostly blame Congress for healthcare reform failure - Reuters/Ipsos poll,real
Catalonia refuses to send weekly accounts to Madrid before referendum,real
Republican Senator Cruz pushes 15-20 percent corporate tax rate,real
Taiwan says its 23 million people will decide their future,real
U.S. Congress votes to apply Magnitsky human rights act globally,real
Taking a tough stance on summer: conservatives in U.S. House,real
Iran's Larijani says Tehran has a plan if U.S. withdraws from nuclear pact: Ifax,real
Factbox: U.N. sanctions on North Korea currently in force,real
Turkey arrests four people over explosion at Tupras refinery: Anadolu,real
U.S. Senate's Reid warns against postponing spending decisions,real
Israel frees three Turks arrested amid Jerusalem unrest,real
U.S. lawmakers propose making it easier to meet auto fuel rules,real
Senator McCain wants hearing on possible F-16 sale to Pakistan,real
Guatemala Congress says it will withdraw contested graft reforms,real
"U.N. says fighting stops in Sanaa, Saleh funeral expected",real
U.S. nuclear arsenal to cost $1.2 trillion over next 30 years: CBO,real
Young blacks more open to Bernie Sanders' White House bid,real
Wife of Chechen accused of Putin assassination plot shot dead near Kiev,real
U.S. suspends fast processing of high-tech visa applications,real
Highlights: The Trump presidency on March 20 at 9:20 P.M. EDT,real
Trump says still wants to drop U.S. corporate tax rate to 15 percent,real
WAS MURDERED 27 YEAR OLD DEMOCRAT Operative About To Blow The Whistle On VOTER FRAUD When He Was Shot In The Back? [VIDEO],fake
Syrian opposition chief says Sochi does not serve political process,real
"Obama hits campaign trail, says ready to 'pass baton' to Clinton",real
Kremlin says Putin-Trump meeting possible before July,real
"Exclusive: Energy, not tech or finance, in CEO line-up for Trump's China visit",real
"Chile left-wing candidates could form alliance, threatening market rally",real
"U.S. mulls South Sudan pressure, cutting aid may not work: U.N. envoy",real
Kremlin calls North Korea's latest missile launch another 'provocation',real
May will allow Brexit delay in exceptional circumstances,real
Kuwait's ruler reappoints PM: state news agency,real
Brazil seeks to revoke asylum of Italian ex-guerrilla convicted of murder,real
Republican Senator McCain will return Tuesday for healthcare vote,real
BARACK OBAMA GOES THERE…Compares President Trump To Hitler In Front Of Chicago Audience,fake
Britain aiming for outline Brexit transition deal by first quarter of 2018: Davis,real
EPA chief says ready to further relax fuel standards due to hurricanes,real
"Pence, Jordan's Abdullah discuss Islamic State, Syria, U.S. embassy in Israel: White House",real
"Washington braces for anti-Trump protests, New Yorkers march",real
Catalonia finds no friends among EU leaders,real
Battle lines drawn for South Africa's ANC on eve of leadership vote,real
Trump: U.S. has 'no choice' but to deal with North Korea arms challenge,real
CAN HILLARY LIE HER WAY OUT OF THIS ONE? PHYSICIAN Says Hillary Has Parkinson’s Disease…Hillary Admits She Couldn’t Even “Get Up” After Convention,fake
Turkey chides Arabs for 'weak' reaction ahead of Jerusalem summit,real
"Take cover, avoid bomb flash. Guam issues nuclear guidelines",real
Russia sanctions bill remains stalled in U.S. Congress,real
Saudi cleric suspended over 'quarter-brain' women drivers quip,real
 GOP Voters Declare #NeverTrump & #RepublicansForHillary As Donald Is Named The Nominee (TWEETS),fake
UAE diplomat summoned by Turkish ministry over Ottoman tweet,real
Judge blocks latest Trump curbs on people entering United States,real
Co-leader of Germany's far-right AfD to quit in major blow,real
Departing U.S. trade chief warns against withdrawing from TPP,real
"Stung by reputation, Taiwan looks to turn corner on money laundering",real
Dutchman put on trial for Ethiopian war crimes in 1970s,real
Senate set for pivotal vote on Supreme Court nominee,real
Cuba holds municipal elections on road to Castro era’s end,real
DEMOCRATS ARE AFRAID That Trump Will Beat Hillary…And Here’s The Proof [VIDEO],fake
Saudi foreign minister says Iran main sponsor of global terror,real
U.S. ends program for Central American minors fleeing violence,real
Trump son-in-law Kushner hires prominent trial lawyer: NYT,real
Exclusive: U.S. asks Israel to restrain response to Jerusalem move - document,real
HILLARY CHEATED! Who Really Fed Hillary The Answers To Her Questions At Veteran’s Forum?,fake
Tunisia PM will go ahead with painful policy despite opposition,real
Russian military: Syria government troops control 85 percent of Syria - agencies,real
Austrian far-right leader says has ruled out Brexit-style vote,real
Merkel meets Trump in clash of style and substance,real
U.S. House Judiciary Democrats ask FBI to investigate Sessions,real
 WATCH: Sean Spicer In December STRONGLY Opposed Exactly What He Did Today,fake
GOP HOUSE LEADERSHIP Place Political Careers Before National Security: Why They Are Reportedly Caving (Again) To Democrats,fake
Australia to tighten airport security further after foiled attack,real
DEVASTATING 30 SECOND Commercial Shows Scary Truth About TARGET’S Dangerous Open Door Bathroom Policy [VIDEO],fake
Supreme Court's Gorsuch criticized over Trump hotel speech,real
Israeli minister reveals covert contacts with Saudi Arabia,real
Obama says EU and U.S. must move forward with TTIP,real
Ukraine's Tymoshenko expects fair U.S. ruling after Manafort indicted,real
Senate Democrats question if they can trust EXIM Bank nominee to support its mission,real
Haiti's ex-prime minister banned from travel amid corruption probe,real
Trump Muslim comments do not tarnish view of U.S. freedoms abroad: ambassador,real
JUDGE JEANINE HAMMERS OBAMA: “There’s a hero in Washington and you need to let him do his job!” [Video],fake
New Zealand's populist Peters garners attention as kingmaker in heated election debate,real
Suitcase of sapphires and other gems worth 1 million pounds stolen from London train,real
Pyongyang shown no interest in talks: State Department,real
" The PGA Just Gave Donald Trump A Big Middle Finger, And He’s P*ssed",fake
"U.S., Nigerien troops killed in ambush on patrol in Niger",real
Tillerson to visit Turkey as Raqqa operation heats up,real
Hawaii issues first challenge to Trump's new travel ban,real
Obama says urges a wait-and-see approach on Trump proposals,real
Trump says Supreme Court decision on travel ban 'a clear victory',real
Trump Jr. emails suggest he welcomed Russian help against Clinton,real
Ex-U.S. consumer bureau head Cordray set to run for Ohio governor,real
 Conservative Dream Come True: Judge Grants Rapist Joint Custody Of Victim’s Child,fake
Illinois House Democrats advance FY 2017 budget amid veto threat,real
Trump says Russia hurting U.S. efforts on North Korea nuclear issue,real
ALL HELL IS ABOUT TO BREAK LOOSE Between European Vigilante Group “Soldiers Of Odin” And ISIS Inspired “Soldiers Of Allah”,fake
British lawmakers defeat May's government on Brexit law,real
Saudi-led air strikes support Yemen's Saleh as he shifts against Houthis,real
Norway to appoint first woman foreign minister: reports,real
Economic espionage a 'tremendous problem': U.S. attorney general,real
"Divided on Trump, EU insists on European unity",real
"Russia, U.S. stalemate over Syria chemical weapons inquiry",real
KARMA! BIRTHDAY BOY BILL CLINTON HECKLED BY KIDS ON THE GOLF COURSE,fake
Trump Jr. to testify privately to Senate committee on Thursday,real
Tennessee governor endorses Rubio in Republican presidential bid,real
NBA THREATENS NC…Let Men Share Bathrooms With Your Daughters Or We’ll Cancel All-Star Game,fake
China's Xi tells Trump stronger ties good for stability: Xinhua,real
"Trump, advisers craft more orderly response to North Korea after latest test",real
Campaign chief to oversee Trump U.S. vice presidential search,real
U.S. conducts missile defense test off Hawaii coast,real
Franco-German fighter jet project likely to be opened to other countries,real
 ‘Drain The Swamp’ Trump Is Now Doing White House Ads For Corporate America (VIDEO),fake
"Prior to his SEC nomination, Clayton communicated with SEC contractor",real
Britain to limit acid sales after steep rise in assaults,real
U.S. sees 'too many' troubling statements from Philippines' Duterte,real
Oklahoma Supreme Court strikes down restrictive abortion law,real
"Only five ministers, attorney general turn up for Zimbabwe cabinet meeting: sources",real
"Protesters throw rocks, bottles at police outside Trump rally in New Mexico",real
"Trump, after talk with China's Xi, says North Korea faces more sanctions",real
"U.N. warns millions at risk in Yemen, urges Saudi coalition to open ports",real
Trump-backed Navy expansion would boost costs some $400 billion over 30 years: study,real
"U.S. Air Force picks Raytheon, Lockheed for next-gen cruise missile",real
"Presidential hopeful wants Finland out of EU, says nationalists will bounce back",real
White House divisions on display with Scaramucci's comments,real
 WATCH: Conservative Activist Openly Declares That Contraception Should Be Illegal,fake
Xi calls for concerted effort to resolve Korean peninsula issue: Xinhua,real
[VIDEO] WHAT JERRY SEINFELD HAS TO SAY ABOUT OVERLY PC COLLEGE KIDS WILL MAKE THE LEFT CRAZY,fake
U.S. citizen on the run after busting out of Bali prison,real
"Rights group voices fears over Trump refugee plan, torture",real
"Trump aide says no decision on Clinton prosecutor, now focused on unity",real
Clinton expands lead over Trump to 13 points: Reuters/Ipsos poll,real
Trump may reinstate secret CIA 'black site' prisons: U.S. officials,real
 Trump Fan Drives Jeep Through Crowd Of Protesters (VIDEO),fake
U.S. opens door to a change in blood donation policy for gay men,real
UNIVERSITY WARNS: Make Sure Your Holiday Party Is Not A “Christmas Party” In Disguise,fake
Democratic senators urge speed on Supreme Court nominee,real
"Trump not aware of 2016 meeting between son, Russian lawyer: legal spokesman",real
One dead after light aircraft collides on Caernarfon runway,real
Japan PM says forex policy should not be discussed by leaders,real
Michigan governor asks Obama for federal aid in Flint water crisis,real
LEO DITCHES HILLARY: Shady Excuse Doesn’t Fly In DiCaprio Fundraiser Cancellation,fake
Trump paid $38 million in taxes in 2005: White House,real
Truck bomb in northern Iraq kills at least 23,real
Trump aide Greenblatt heads to Israel after Jerusalem announcement,real
WOW! NEWS ANCHOR Hammers Obama On His Pro-Muslim Speech At Radical Mosque [Video],fake
Germany says EU states must implement court ruling on migrants swiftly,real
Trump wants ex-Goldman partner Mnuchin to run U.S. Treasury: Fox Business,real
(VIDEO) DONALD TRUMP: “NOT BEHOLDEN TO ANYONE”,fake
"WATCH: SMARTPHONE CAPTURES NEW BOATLOAD OF “Scared, Hungry Women and Children” On Their Way To Europe…While 6.6 MILLION More Are Waiting To Cross",fake
Senator Jeff Sessions to endorse Trump White House bid: Drudge Report,real
 Karma In All Its Glory: Republican Chairwoman Forced To Resign Over ‘Obama Is A Chimp’ Facebook Post,fake
 Republican Mailer Threatens To Out Voters To Neighbors If They Vote Democrat,fake
GERMANY: Afghan “Teen” Refugee Who RAPED and KILLED Female Med Student and Refugee Volunteer Is Actually 33-Years Old…And There’s MORE!,fake
China warns Taiwan not to rely on foreigners after attack threat,real
House Speaker Ryan: lawmakers likely to come together on Puerto Rico,real
Trump's low approval rating masks his support among likely voters: Reuters/Ipsos poll,real
" FBI Releases DAMNING Information About Russian Collusion, Trump TERRIFIED",fake
Obama And Kerry Exposed: Secret Side Deals With Iran And No Nuclear Agreement,fake
We'll lift Russia sanctions when east Ukraine is peaceful: Merkel,real
"Islamic State killed more than 60, dozens missing in Syrian town: governor",real
Greece and Turkey trade barbs as Erdogan visits Athens,real
Iran says 'biased' French stance threatens Middle East stability,real
"WATCH: KELLYANNE CONWAY Gives Dreaded Answer To Liberal Hack, “This Week” Host George Stephanopoulos’ Question About Trump’s Plans To Run In 2020",fake
"Hastert loses one Illinois pension, keeps another after sentencing",real
Newly freed Pakistani Islamist calls ex-PM Nawaz Sharif a 'traitor',real
House Speaker does not rule out amendments to debt limit bill,real
MEDIA DOWNPLAYS Attack By Unhinged Neighbor On Senator Rand Paul…’Minor Injuries’ Not So Minor,fake
Egyptian rights lawyer says he'll run for president in 2018,real
New Jersey's Christie vetoes bill seeking Trump's tax returns,real
"Brexit deal could be template for EU ties to Ukraine, Turkey, Germany's Gabriel says",real
"FARRAKHAN DEVOTEE, COP HATER AND RAPPER, ‘KILLER MIKE’ To Speak At SOLD OUT Event At Prestigious MIT University",fake
Congress should give Puerto Rico debt restructuring authority: White House,real
Senators urge Trump to avoid blockade of Venezuela oil shipments,real
‘SLEEPY’ JUSTICE GINSBURG: Excites Crowd By Saying She’d Back Abolition Of The Electoral College [Video],fake
Liberia's ruling party alleges election irregularities,real
Russia may seize U.S. property if its own compounds not returned: Kommersant,real
Cuba calls Trump's U.N. address 'unacceptable and meddling',real
"Factbox: Five facts about Mike Pompeo, expected to replace Tillerson",real
UK PM May: We will not revoke Article 50 EU exit process,real
Austria's Freedom Party criticizes ECJ ruling on migrant quotas,real
France's Macron says external powers must stop interfering in Lebanon,real
Trump taps Retired General Kelly to lead Homeland Security: statement,real
Trump says to approve lifting restrictions on South Korea missile payload limits,real
Obama avoids pipeline comment but urges tribal sovereignty,real
(VIDEO) DESPERATION? CLINTON CAMPAIGN PANDERS TO RADICAL BLACK GROUPS,fake
"Trump interviews four for Fed chair job, to decide in two-three weeks",real
U.S. lawmakers say Afghanistan corruption threatens future spending,real
"Trump tries to move past controversies, says he is keeping promises",real
Trump picks former U.N. spokesman Grenell for ambassador to Germany,real
Kushner to make statement to the press after speaking to lawmakers,real
Turkey has completed purchase of Russian missile defense: defense minister,real
HOPE FOR FORGOTTEN AMERICA…Why Trump Is Last Chance For This Steel Town Where 94% Of Jobs Have Gone [VIDEO],fake
AT&T lawyer says U.S. effort to stop Time Warner deal 'foolish': CNBC,real
 The Pope Just Called Most American Employers (And Donald Trump) ‘Bloodsuckers’,fake
Louisiana governor to sign law making police killings hate crimes,real
ANTI-HILLARY POSTERS POP UP All Over Hollywood…Great timing!,fake
Australia finds wreck of first Allied submarine to sink in World War One,real
House speaker tells Trump healthcare bill lacks votes: CNN,real
"Russia says continues dialogue with Washington on North Korea, Iran: RIA",real
Al Qaeda warns Myanmar of 'punishment' over Rohingya,real
Kremlin says too early to react to Trump nuclear cuts offer,real
Explosion in Mali kills three U.N. soldiers from Bangladesh,real
"U.S. Senate votes near unanimously for Russia, Iran sanctions",real
Trump cancels California event to stay in New York,real
Trump does not think U.S. should copy Australia's health system: White House,real
DISMISSED: Trump Fires Scandal Plagued FBI Director James Comey – What Does It Mean?,fake
Iran 'hopes Hariri will remain Lebanon's prime minister',real
Obama makes no mention of Trump in first major post-presidential appearance,real
Disputed CFPB acting director plans to seek preliminary injunction: filing,real
 Evan McMullin: ‘Never In His Life’ Has Trump Had To Watch His Mouth (VIDEO),fake
 Cruz Trying To Hold Fiorina’s Hand Is More Awkward Than A Middle School Dance (VIDEO),fake
NATIONAL ENQUIRER ENDORSED TRUMP…Then Dropped YUGE Bombshell: “CRUZ’S 5 SECRET MISTRESSES”,fake
Police investigating militants search Brussels houses,real
McConnell says deep State Department budget cuts won't pass,real
Kansas lawmakers to hash out fiscal 2017 budget fix,real
"China, U.S. create 'miracle' with $253.4 billion in dealmaking: Zhong",real
Palestinian prime minister visits Gaza in move to reconcile with Hamas,real
"Nothing should change, says Britain in bid for post-Brexit security pact",real
Florida legislature approves controversial abortion restrictions,real
Venezuelan opposition pins hopes on elections as protests falter,real
"As Republicans aim to ride economy to election victory, a warning from voters in key district",real
Trump: Being friends with North Korea's Kim is possible,real
Trump travel restrictions hit demand for visits to U.S.: study,real
Democrats in disarray on eve of convention to nominate Clinton,real
 Donald Trump Is Clearly Panicking; Avoiding The People Who Voted For Him,fake
"BRITISH TV PERSONALITY: Don’t Blame Trump For Muslim Ban Comments , He Speaks For The Masses…Who Can Blame Americans For Not Wanting To End Up Like UK? [VIDEO]",fake
"Illinois House enacts FY 2018 budget, ending record impasse",real
"U.S. can still hit climate goals despite Supreme Court pause, White House says",real
Senate set to vote Thursday on limiting Supreme Court nominee debate,real
Ex-head of Colorado Republicans charged with voter fraud,real
EPA chief says Paris climate agreement 'bad deal' for U.S.,real
Liberia electoral commission says fraud claims lack evidence,real
U.S. defense elite rally behind Trump's unusual Pentagon pick,real
 Tiffany Trump Is Sad As Hell After Whole Family Completely Forgot Her Birthday,fake
"Sudan general, nine soldiers killed in Darfur clashes: SUNA",real
Sen. McConnell says expects Puerto Rico funding request by mid-October,real
" New Poll Shows How Batsh** CRAZY Trump Fans Are, Gives Them A BRUTAL Reality Check (IMAGES)",fake
Austrian president tells Kurz to heed 'European values' on coalition,real
Merkel wants outline coalition deal with SPD by mid-January,real
Homeland Security secretary expects wall to be 'under way' within two years,real
You're fired! U.S. school debaters' dim view of Trump's podium style,real
Russia U.N. envoy says U.S. sanctions will not change Moscow,real
BUSTED! NANCY PELOSI Claims No Meeting With Russian Ambassador…Photo From 2010 Proves Otherwise! [Video],fake
Trump to broaden exemptions to Obamacare birth control mandate: report,real
"Italian parliament passes 2018 budget, clearing way for elections",real
Ryan says expects legislation to replace Obamacare this year,real
"From Syria to North Korea, Tillerson would inherit a messy global situation",real
Trump's choice for U.S. attorney general says he can stand up to him,real
Merkel says she would prefer new elections over minority government,real
"Russia, Iran sanctions bill hits roadblock in U.S. House",real
"U.S. Senate's Reid, in last round, jabs outside money in Nevada succession fight",real
Congressional race in Virginia shows Trump drag on Republicans,real
Conservative firebrand defeats Trump pick in Alabama primary for U.S. Senate,real
Factbox: Legal issues in Supreme Court immigration case,real
"DONALD TRUMP JR., JUST HUMILIATED Michael Moore In Front Of Millions On Social Media…And It Was SPECTACULAR!",fake
U.S. Supreme Court to decide major case on Obama immigration plan,real
Measure to hike California's minimum wage to $15 qualifies for ballot,real
Iraq Kurds seek international help to lift sanctions imposed by Baghdad,real
Islamic State guerrilla attacks point to its future strategy,real
European Parliament wants Britain to end discrimination against EU citizens: draft,real
 Donald Trump On Accusations Of Sexual Assault: Mexico Did It,fake
China top graft buster says corruption fight 'world class hard',real
White House welcomes Supreme Court ruling on electricity markets rule,real
London police arrest woman after incident at Prince George's school,real
Suicide bomber kills at least 18 at police academy in Somalia's capital,real
Exclusive: Trump targets illegal immigrants who were given reprieves from deportation by Obama,real
Puerto Rico governor cites 'sharp contrast' with island's overseers,real
Japan's Abe vows to put education spending before budget balance,real
Trump Supreme Court nominee Gorsuch seen in the mold of Scalia,real
 WATCH: Democrats Release Video PERFECTLY Highlighting Hypocrisy Of Trump’s Appointments,fake
Judge tells Trump University litigants they would be wise to settle,real
Democratic leader Schumer emerges as Trump's newest punching bag,real
“Peaceful” Muslims Scream: “THIS IS FOR ALLAH” After Driving Van 50 MPH Pedestrians…3 ARMED Terrorists On Run In Gun-Free London…Britain’s PM Calls It “Potential Act Of Terror” [VIDEO],fake
Death toll in collision between Tunisian navy and migrant boat reaches 34,real
Senators criticize Trump's information shut-out to Democrats,real
"Kurdish demonstrator killed, 6 wounded in Iraqi city of Khanaqin: mayor",real
London art auction raises $2.5 million for survivors of deadly Grenfell Tower blaze,real
Trump questions why U.S. Civil War had to happen,real
Turkey starts trial of 30 newspaper staff for links to coup attempt,real
" OOPS: Hypocrite Trump Accuses Amazon Of Not Paying Taxes, Except They Do",fake
"HILLARY’S CAMPAIGN MANAGER STAMMERS When Asked Why Using Trump’s Stolen Tax Returns Are Okay, But Wikileaks Emails Aren’t [VIDEO]",fake
U.S. military says will not disclose details on injured service members,real
Trump angers UK with truculent tweet to May after sharing far-right videos,real
 Ben & Jerry’s Ice Cream Founders Get Arrested At U.S. Capitol,fake
EU's Juncker offers carrot and stick to eastern states,real
Islamic State's footprint spreading in northern Somalia: U.N.,real
Britain will not pay 'a penny more' than it thinks right to leave EU: Boris Johnson,real
Romney: It's 'disqualifying' for Trump not to release tax returns,real
 Bystander Uses Baseball Bat To Stop Man From Crushing Toddler’s Head ‘For God’ (VIDEO),fake
"Refusing to sit on lead, Trump gets bitter in Republican debate",real
Supreme Court gives Hawaii until Tuesday to answer Trump travel ban motion,real
 Saturday Night Live Takes On GOP Cowardice In Stunningly Accurate Faux Movie Trailer (VIDEO),fake
"Turkey says U.S. isolated on Jerusalem, issuing threats",real
South Africa's Ramaphosa gets most nominations ahead of ANC leadership vote,real
"COWARDLY BLACK BLOC THUG Dane Powell Pleads Guilty…Faces 6 Yrs In Prison For Rioting, Assaulting Police During Trump’s Inauguration [VIDEO]",fake
Pence fires up anti-abortion activists in Washington march,real
Zimbabwe court grants bail to U.S. citizen charged with subversion,real
EU exec proposes deeper euro zone integration to unite EU,real
Trump considering how move of U.S. Embassy in Israel could affect Mideast peace,real
 Heckler Screams ‘F*ck Hillary’ At Clinton Rally – And She Just Laughs At Him (VIDEO),fake
"Israel says Hezbollah runs Lebanese army, signaling both are foes",real
Turkish tanks drill on Iraqi border week before Kurdish vote,real
"Obama tells Latin America and world: give Trump time, don't assume worst",real
Trump's campaign should be fair game in Trump University trial: lawyers,real
Central African president pleads to U.N.: Don't forget us,real
Texas lawyer sues Cruz to challenge eligibility,real
LOBBYING FOR VOTES? How Trump Could LEGALLY Fly The 200 Must Have Delegates To Mar-a-Lago For A Luxurious Weekend,fake
THINK AMERICA CAN’T END UP LIKE GREECE? THINK AGAIN!,fake
Britain's M1 motorway partially closed after suspicious object discovered,real
U.S. House Speaker backs intelligence panel chair in Russia probe,real
Norway says sunken Russian helicopter wreckage may have been located,real
"Kurdish leader departs, leaving nephew faced with reconciliation",real
Four Serbs get suspended sentences for 2008 attack on U.S. embassy,real
China hopes all sides' words and actions reduce tension on Korean peninsula,real
Peru's Congress ousts cabinet as political crisis deepens,real
EU reopens feud over quotas for hosting refugees,real
The Trump tightrope: Republicans weigh response with eye toward future,real
" NBA Kowtows To Racists, Orders Players To Stand For Anthem",fake
" Hillary Talks Taco Trucks, SHREDS Trump, And The Crowd Goes WILD (VIDEO)",fake
New York attorney general opens probe of Trump Foundation,real
Opponents of Cruz White House bid take case to N.Y. appeals panel,real
Tillerson says Saudi Arabia not ready for talks with Qatar on Gulf crisis,real
U.S. House Republicans finalize list of rules to kill in Wednesday vote,real
 This Really Happened: Fox Interrupted Trump To Criticize Him And Praised Obama,fake
Trump slams federal court ruling on funding for 'sanctuary cities',real
" Leslie Knope Writes Powerful, Heartbreaking Letter To America That EVERYONE Should Read",fake
Peru's central bank chief says Trump gives him 'goose bumps',real
Clinton's surprise Michigan loss exposes risks for her on trade,real
Trump says he has narrowed potential running mate picks to five or six: AP,real
"Watch out frontrunners, over 1,500 candidates vying for White House",real
Islamic State raises stakes with Egypt mosque attack,real
Mexico finance minister resigns to seek presidency for ruling party,real
 Racists Go CRAZY after Samuel L Jackson Trashes Trump On Jimmy Kimmel Live (VIDEO),fake
N.J. Governor Chris Christie accosts heckler in Milwaukee,real
U.S. military orders additional probe into August Somalia raid,real
Michigan governor denies misleading U.S. House on Flint water,real
Factbox: Short list of potential picks for Trump administration,real
 Donald Trump Thanks The ‘Poorly Educated’ For Handing Him Victory In Nevada (VIDEO),fake
Rebels kill 15 peacekeepers in Congo in worst attack on U.N. in recent history,real
Zimbabwean activist pastor arrested for criticizing Mugabe government,real
Obama scolds Senate Republicans for Supreme Court threat,real
"Britain to pay 400 million-pound debt to Iran soon, Iranian envoy says",real
Chinese general kills himself amid corruption probe,real
"Senator Johnson: Trump argued for repealing, replacing Obamacare",real
WHY “MODERATE” MUSLIMS DON’T SPEAK OUT: Muslim Shopkeeper Makes Video Wishing Customers “Happy Easter”…Muslim Man Stabs Him To Death [VIDEO],fake
Russian submarines fire cruise missiles at Islamic state in Syria,real
France's Occitanie region calls for Spain and Catalonia peace talks,real
Trump foundation stops fundraising in New York state,real
Ireland trying to force Northern Ireland to stay in customs union after Brexit: DUP,real
JUST IN: NYC TERRORIST Allegedly Entered U.S. On NY Democrat Senator Chuck Schumer’s ‘DIVERSITY VISA” Program,fake
Global backlash grows against Trump's immigration order,real
Spain's PM says may use constitution to block Catalan independence,real
"U.N. condemns North Korea missile launch after Russia, U.S. spar over words",real
Trump considering Dallas investor Ray Washburne for interior secretary: CNBC,real
Trump says ending chain migration will be part of a DACA deal: Fox interview,real
Turkey seeks life sentences for 60 ex-military over 1997 'post-modern coup',real
"Republicans, Democrats sharply divided over Muslims in America: Reuters/Ipsos poll",real
Trump to name National Labor Relations Board chairman: White House,real
Massachusetts ballot initiative on president tax return passes hurdle,real
 Obama’s Doing Something BIG To Raise Pay For Millions Of Americans (VIDEO),fake
Modi says India shares Myanmar's concern about 'extremist violence',real
 Everyone Is Freaking Out Over This ‘Visitor’ At A Bernie Sanders Rally (VIDEO/TWEETS),fake
Elite Nazi-allied Order From Hungary Claims Trump Adviser Sebastian Gorka Is Sworn Member,fake
" Newt Gingrich Attempted To Stiff Small Businesses, FEC Shot Him Down",fake
"EPA confirms White House freeze on grants, contracts ends Friday",real
California poised to shut out Republicans from U.S. Senate race,real
"U.S. loan to Puerto Rico a start, but more aid to come: official",real
Four dead in ambush of World Food Programme convoy in Nigeria,real
NOT FUNNY! What These “MORONS” Did For Crooked Hillary Should FRIGHTEN Every American [VIDEO],fake
U.S. judge finds Texas voter ID law was intended to discriminate,real
Workers rights get Qatar nod as ILO poised decide on abuse probe,real
"Puigdemont, other sacked Catalan leaders in Brussels: media",real
Spy plane contract to be awarded in fiscal 2018: U.S. Air Force,real
Green Party raises $3.5 million for presidential vote recounts,real
Transport minister doesn't think Britain will leave EU without a deal,real
Investors gird for impact of Trump healthcare measures,real
Damaged A380 to be flown to France to investigate engine blast,real
South Korea calls for 'bone-numbing' sanctions on North for nuclear test,real
"Myanmar forces may be guilty of genocide against Rohingya, U.N. says",real
Two Republican senators join opposition to revised healthcare bill,real
German admits selling gun to Munich attack shooter,real
Republican National Committee cuts ties with Moore: Politico,real
" Republican Congressman Rejects Trump In Scathing Open Letter, Will Vote For Hillary",fake
"Clinton disparages Trump's economic plan, vows to help workers",real
Exclusive: Koch brothers will not use funds to try to block Trump nomination,real
NBC MANAGEMENT “Protected The Sh*t Out of Him”: Details of Married Matt Lauer’s Disgusting Acts Of Sexual Harassment Are REVEALED After Democrat Fan Boy Is Fired,fake
Clinton blames FBI's Comey for her defeat in call with donors,real
Record fall in net migration to UK in year after Brexit vote,real
"Trump again vows to bring back U.S. jobs, but offers few details",real
U.S. court: Ruling on Trump travel ban will not come Wednesday,real
Panama to send immigration envoys to China as visa limits lifted,real
Merkel calls on Hungary to implement court ruling on refugee distribution,real
Boiler Room EP #82 – Mind-boggling Collusion,fake
Poles dressed in black march in defense of women's rights,real
"House speaker, Trump aides vow tax reform by end of 2017",real
Factbox: Issues at stake in Trump-China summit in Florida,real
Germany's CSU denies report Seehofer to quit as Bavaria premier,real
"In schools and hospitals, Turkey carves north Syria role",real
Trump administration starts countdown to NAFTA talks in mid-August,real
Trump Cabinet's First World problem: omitting a few million here and there,real
Petrol bombs and tear gas in Athens rally to mark rapper killing,real
Trump says democracy must be restored in Venezuela soon,real
More than 90 arrested in protests in Washington: CNN,real
U.S. budget chief Mulvaney says CFPB staff should 'disregard' deputy director: memo,real
U.N. official says will raise sexual violence against Rohingya with ICC,real
"Trump to meet Canada's PM amid tensions over trade, immigration",real
U.S. conservative group backs Republicans who favor clean energy,real
" The Senate Banking Committee Held An Equifax Hearing, And The Monopoly Man Showed Up",fake
"U.S. Democrat Bernie Sanders wins Alaska, Washington, Hawaii caucuses",real
Vietnamese court upholds jail term for prominent activist: lawyer,real
"Food and drug chief Gottlieb skirts health secretary talk, says most effective at FDA",real
"Japan, U.S. agree economic talks should produce 'concrete results' near term",real
STEVE JOBS’ WIDOW ANNOUNCES SUPPORT FOR “Revolutionary” HILLARY On Same Day Hillary’s Busted For Faking This…,fake
 WATCH: Chuck Todd Puts The Screws To Mitch McConnell For Not Giving Merrick Garland A Chance,fake
THE WOMAN WHO Moved Freedom Loving Americans To Tears With Her Passionate IRS Testimony Is Now Asking For Our Help,fake
Supreme Court dismisses Hawaii's challenge to Trump travel ban,real
 Democratic Senator Joins #THERESISTANCE: Says Trump Stole Obama’s SCOTUS Seat (DETAILS),fake
