article,label
OBAMA Is GIVING YOUR Money To Illegal Aliens To Start Businesses…You Won’t Believe Where Those Businesses Are Located [VIDEO],0
"Bangladesh, Myanmar agree on 'working group' for refugee plan: minister",1
"Trump, China's Xi to meet April 6-7 in Florida: source",1
Trump says his comments on Mexican-American judge misconstrued,1
"Trump meets insurers, promises catastrophic year for Obamacare",1
 WATCH: Anderson Cooper Throws MAJOR Shade At White House Aide Over ‘Fake News’,0
U.S. gives Laos extra $90 million to help clear unexploded ordnance,1
Trump calls for worldwide action against North Korea nuclear threat,1
Islamic State defeated in its Syrian capital Raqqa,1
House Committee requests EpiPen documents from Mylan,1
Putin dismisses U.S. hacking allegations as campaign rhetoric,1
U.S. says it will take steps after Cambodia's dissolves opposition party,1
Trump Interior nominee would consider more drilling on federal land,1
Islamic State claims responsibility for attack southeast of Baghdad: Amaq,1
Clinton slams student loan servicer Navient as misleading,1
Croatia jails Serb paramilitary commander for war crimes,1
Son of Russian lawmaker sentenced in U.S. for role in cyber crime ring,1
"Biden, not mentioning Trump, defends free press, independent judiciary",1
Germany's figurehead president now best hope of unlocking political crisis,1
Republican senator says Trump yet to demonstrate needed stability,1
U.S. condemns threat to ban Venezuela opposition from elections,1
"Factbox: Trump to meet with Huckabee, Romney, others this weekend",1
Senate panel approves measure to broaden North Korea sanctions,1
South African security agency files legal complaint against Zuma author,1
Syrian opposition: Russia conference aims to rehabilitate Assad,1
"Trump, Cruz tensions may provide liveliest Republican debate yet",1
"Once a self-funder, Trump's new fundraising machine ramps up",1
Trump to nominate Rod Rosenstein to be deputy U.S. attorney general,1
Zimbabwe war vets to launch court case to legalize military action to oust Mugabe,1
Anti-Mugabe pastor acquitted in Zimbabwe of public violence charges,1
Factbox: Trump finishes filling top jobs for his administration,1
Indonesian police warn Islamists against raids in search of Santa hats,1
Trump administration's Africa policy in focus at AGOA trade talks,1
CalPERS chief sees volatility until Trump implements plans,1
"France's Macron tells Iran, Israel leaders of need to preserve Lebanon's stability",1
Trump says U.S. deal with Russia on Syria will save many lives,1
Italy's 5-Star pummels center-right in Rome beachfront vote,1
Pakistan debates how to fill education gaps,1
"French Senate vote is blow to Macron, Conservatives keep majority",1
Obama to Republican leaders: why are you still endorsing Trump?,1
INSIDE TRUMP’S CHARITY BALL Tonight At Beautiful Mar-A-Lago…Protests Outside [Video],0
White House continues to cooperate with special counsel -official,1
WIKILEAKS HITS BACK At Lying Political Hack James Clapper…Testimony On The Hill Highly Partisan! [Video],0
Supreme Leader Khamenei says U.S. is Iran's 'number one enemy',1
"U.S. sanctions North Korean missile experts, Russia offers to mediate",1
Romanian protesters halt building of Xmas fair at protest site,1
Factbox: Trump fills top jobs for his administration,1
Highlights: The Trump presidency on April 21 at 6:12 p.m. EDT/2212 GMT,1
China complains to Australia over Turnbull comments on interference,1
Democratic Socialists make headway in U.S. after Trump's win,1
Head of East Africa's regional bloc condemns ICC Burundi investigation,1
LOIS LERNER E-MAIL SNIPPETS REVEAL A BITTER B*TCH: “Lincoln should have let the South go…”,0
U.S. seeks to reassure Beijing after Trump call with Taiwan leader,1
"Turkey urges Iraqi Kurds to drop referendum, cites sanctions",1
" After Sex Scandal Allegations, Ted Cruz Unleashes Colossally Pathetic Hissy Fit On Facebook",0
"Key U.S. House committee approves healthcare bill, vote set for Thursday",1
Saudi ambassador to U.S. says his society is ready to let women drive,1
 Trump HUMILIATED As WH Walks Back His Attack After Soldier’s Mom Confirms His Insensitive Phone Call,0
BREAKING: OBAMACARE REPEAL Clears First Hurdle…Dems Get Snarky,0
Germany investigating reports of refugees forced into prostitution,1
"Saudi-led coalition to reopen Yemen's Hodeidah port, Sanaa airport for aid",1
Factbox: Why the Zika virus is causing alarm,1
Iceland's president asks leftist opposition leader to form new government,1
House tax panel chair: corporate tax cut may take 'several steps',1
NATO launches Black Sea force as latest counter to Russia,1
U.S. embassy in Kiev critical of Moscow order on Ukrainian documentation,1
Turkish foreign minister says Assad administration must be removed,1
Most Britons want May to lead through Brexit process -Telegraph,1
"Senate plan delays corporate tax cut, won't repeal Obamacare mandate: senator",1
"North Korea moving airplanes, boosting defense after U.S. bomber flight: Yonhap",1
"Trump makes overture to Ryan, while Republicans wrestle with party's future",1
Indian police arrest Christian priest after complaint by Hindu group,1
 ‘Pissed As Hell’ Oregon Rancher FURIOUS At Bundy Militia: ‘This Is My Home!’ (VIDEO),0
Libyan coast guard rescues more than 250 migrants trying to reach Italy,1
Europe could soon be within range of North Korean missiles: France,1
"Clinton considering Warren, not Sanders, for running mate: WSJ",1
France to discuss possible new Rafale sale with Egypt's al-Sisi: Le Maire,1
Bulgarians use 'speed dating' to get know migrants,1
Senate panel chair says will hold hearings on health insurance market,1
"Leaving nothing to chance, China increases security, social control before Congress",1
 Bombshell Reports Confirm What We Already Believed About MSNBC’s Joe And Mika (DETAILS),0
Zimbabwe court postpones former finmin Chombo bail hearing-state radio,1
"Despite recusal, Trump has confidence in Sessions: White House",1
Trump's son-in-law Kushner to become senior White House adviser,1
"EU to race Britain for Australia, NZ trade deals",1
 Chris Cuomo SLAMS Trump For Promising “A Lot Of Things That Can’t Be Done” In Energy Speech (VIDEO),0
 Columbine Shooter Dylan Klebold’s Mother Breaks Silence In Riveting New Interview (VIDEOS),0
Mnuchin says no regrets over government plane use,1
FARMER FINED A WHOPPING $2.8 MILLION Asks President Trump For Help,0
"Tillerson to back North Korea diplomacy, reject Syria's Assad: U.S. official",1
South Koreans seek to visit once-jointly run factory zone in North,1
Japanese man kills wife and priestess sister with sword in bizarre family feud: media,1
"Health plan would cut U.S. deficit, but leave millions without insurance: CBO",1
"Convoy rolls into Damascus suburbs with aid for 40,000: U.N.",1
TRUMP HITS BACK After Cowgirl Congresswoman Trashes Him Over Words Said to Grieving Widow,0
Putin complains Russian media abroad face unacceptable pressure,1
Korean peninsula draws range of military drills in show of force against North Korea,1
Saudi-led coalition air raid puts Yemen's Sanaa airport out of service: agency,1
Egypt's Hasm militants claim attack targeting Myanmar embassy,1
Obama spars with Cuba's Castro over human rights in historic visit,1
Trump breaks ice with China's Xi in letter seeking 'constructive' ties,1
U.S. Commerce nominee Ross calls China 'most protectionist' country,1
"Iraq's Kurds beef up, move back defense line around oil-rich Kirkuk",1
Mexico foreign minister heads to U.S. to meet with Dreamers,1
"Eurofighter jet crashes in Spain, killing pilot",1
German prosecutor demands life for neo-Nazi suspect Zschaepe,1
" Alex Jones POSITIVE Obama Killed Scalia, And You’ll Never Believe Who He Thinks Is Next (VIDEO)",0
"NuStar's St. Eustatius terminal damaged by Irma, no restart date set",1
 Even Staunch Republican Ben Stein Says He’d Support Sanders Or Clinton Over Trump (VIDEO),0
"House, Senate Republicans face challenge over corporate AMT tax",1
At least 65 media workers killed doing their jobs in 2017: Reporters Without Borders,1
Colombia urges ELN rebels to turn over body of Russian hostage,1
"Obama, Fed's Yellen discussed economic risks in White House meeting",1
U.S. officials will not label treatment of Rohingya as 'ethnic cleansing',1
White House retreats from government shutdown threat: Washington Post,1
DIRTY POOL! FBI AND DOJ Just Affirmed They Spied On Trump WITHOUT Proving Dossier’s Authenticity,0
"Republicans, Obama immigration chief clash over criminal immigrants",1
Senate Ethics Committee opens probe of Senator Franken,1
"Myanmar, accused of crackdown, invited to U.S.-Thai military exercise",1
Trump lawyers make final Supreme Court pitch on travel ban,1
Congress could undo Obama-era student loan relief,1
"FBI found Clinton-related emails on devices belonging to aide, ex-congressman: NYT",1
 WATCH: Kellyanne Conway Very Upset Hillary Clinton Is Not Doing Trump’s Job,0
 This Is What REAL Christians Do When Their Priest Preaches To Ban Abortion (VIDEO),0
More than 50 arrested for looting in Miami during Irma: police,1
 Aziz Ansari Just Told Trump To ‘Go F*ck Himself’ As Only He Can (TWEET),0
Sudan's Bashir says would support state governor in 2020 president vote,1
Anti-Trump protesters: patchwork of people and Facebook pages,1
"Russia holds rates amid geopolitical risks, sees cuts by year-end",1
Comey to confirm Trump pressured him on Flynn investigation: CNN,1
Trump distances himself from remarks on Putin over election meddling,1
 Hillary’s New Ad Brilliantly Uses Those Who Have Endorsed Trump Against Him (VIDEO),0
"Russian defense minister, Syria's Assad meet in Damascus: agencies",1
"Erdogan, Putin to discuss Syrian peace plan next week",1
BOOM! TOMI LAHREN’S Top Tips For Liberals In 2017 [VIDEO],0
Kremlin says it has no compromising dossier on Trump,1
Hurricane Irma threatens luxury Trump properties,1
Sen. McCain says will support changing rules to confirm Gorsuch,1
Kurd forces move back defense line around Kirkuk in disengagement effort,1
Trump administration's NAFTA demands make sense: Union Pacific CEO,1
"OBAMA BLAMES RUSSIA For Hillary’s Loss, But NEW HARVARD STUDY Exposes Who REALLY Interfered In Outcome Of Our Elections",0
"Clinton to meet with presidents of Egypt, Ukraine next week: campaign",1
Exclusive: Skeptical Trump says would renegotiate global climate deal,1
Trump supports completion of Dakota Access Pipeline,1
Saudi Arabia says hopes Kurdistan vote will not take place,1
"Thirty-two years after quake, angry Mexicans still wait for homes",1
House Democrats escalate effort to obtain Trump tax returns,1
Rwandan leader's would-be rival Rwigara and her mother denied bail,1
Obama says China would not take change in U.S. policy on Taiwan lightly,1
Spain summons Venezuela Ambassador after Maduro's Catalonia comments,1
 RIGGED: Hillary Wins Popular Vote As Republicans Claim WH Victory,0
"Mexico's border trade capital craves Clinton win, with caveats",1
Senate approves five Treasury nominees,1
Factbox: German coalition watch: Merkel seeks three-way alliance,1
"In Mexico visit, Trump's defense chief talks trust, respect",1
Jenner uses women's restroom at Trump property,1
Trump travel ban shows U.S. misunderstanding of anti-terror duties: Chinese state media,1
"Ex-Trump staffer sues campaign, alleges gun incident in North Carolina",1
" Stephen Colbert And His Audience Absolutely Pummeled Bill O’Reilly, And It Was Spectacular (VIDEO)",0
Iraqi forces in final assault to take Hawija from Islamic State,1
"BLACK TV HOST HAMMERS RACIST MOOCH: ‘The only hope you have Michelle Obama, is that everybody will be as miserable as you”",0
Saudi foreign minister welcomes release of pages from 9-11 report,1
 Trump Supporting KKK Leader Defends Trump And Alt-Right In Response To Hillary’s Brilliant Speech,0
Honduras president with strong lead in TV station's election exit poll,1
Reveal your sources: Swiss suspect told in German spy trial,1
Spanish government says any dialogue with Catalonia must be within the law,1
Highlights: The Trump presidency on March 13 at 9:05 p.m. EDT,1
"Factbox: Trump on Twitter (Aug 25) - Republicans, John Kelly, Hurricane Harvey",1
Catalonia moves to declare independence from Spain on Monday,1
Trump and Putin see eye to eye on many foreign policy aims: Foreign Minister,1
Ex-Christie associates guilty in New Jersey 'Bridgegate' scandal,1
House Speaker Paul Ryan to rule out 2016 presidential candidacy,1
Trump says will decide on Federal Reserve chair 'very shortly',1
"U.N. rights boss sees possible ""crimes against humanity"" in Venezuela",1
Flynn did not initially disclose income from Russia-linked companies,1
Tillerson to meet Lebanon's Hariri in Paris on Friday: U.S. State Department,1
Three suspected al Qaeda militants killed in Yemen drone strike,1
WOW! CHICAGO PROTESTER Caught On Camera Admits Violent Activity Was Pre-Planned: “It’s not gonna be peaceful”,0
"Knifeman attacks soldier in Paris subway, terrorism probe opened",1
Turkey detains 51 teachers over suspected links to coup: Dogan,1
Pro-EU group unveils Soviet-style mural of Trump kissing ex-Mayor Johnson,1
"Attorney General Sessions visits White House, not Trump",1
Bahrain's top Shi'ite cleric's health deteriorates: activists,1
DELUSIONAL HILLARY Calls Her Email Scandal The “Biggest Nothing-Burger Ever”…”They covered It Like It Was Pearl Harbor” [Video],0
'Trump dossier' on Russia links now part of special counsel's probe: sources,1
British lawmakers urge May to tackle Trump on climate change,1
"Argentina says satellite calls detected, likely from missing submarine",1
Mexico industry eyes NAFTA changes to find common ground with Trump,1
U.S. targets Iraqis for deportation in wake of travel ban deal,1
"Mexico suffers deadliest month on record, 2017 set to be worst year",1
"South Sudan rebel groups clash, at least three dead",1
Morocco's 'mule' women scratch a living on Spanish enclave border,1
"Trump pressures Lockheed, says told Boeing to price out fighter aircraft",1
Hard Irish border post-Brexit would be risk to peace: Coveney,1
Republican Grassley to ask Trump Jr to testify to Senate panel: CNN,1
"Under China anthem cloud, rare interest in Hong Kong vs Bahrain soccer friendly",1
White House says Trump tweet meets Comey tapes records request,1
Pelosi says Trump abused power in interactions with ex-FBI chief,1
Rwandan president's challenger faces incitement charge in court,1
Trump recommits to 'major border tax' on foreign-produced U.S. products,1
Canada to expel Venezuelan diplomat in retaliatory move,1
NATO's Stoltenberg says North Korea's 'reckless behavior' requires global response,1
"Senate confirms Trump's pick to run Medicare, Medicaid",1
Mexicans race to save schoolgirl buried by quake; death toll at 237,1
"Trump, Macron discuss joint counterterrorism operations in Africa's Sahel",1
Power crews scramble to Puerto Rico after Maria smashes its grid,1
Ted Cruz did not disclose 2012 Senate campaign loan: NY Times,1
"U.S. lawmakers back Syria strikes, demand a plan from Trump",1
U.S. presses Russia to comply with nuclear missile treaty,1
INCOMING FRESHMEN Are Put On Notice With Welcome Letter From U of Chicago Dean Of Students…”Trigger Warning” Crybabies Stay Home,0
 Student Haz A Sad After Everyone Mocks Him For His Trump Hat (VIDEO),0
EPA staff told to prepare for Trump executive orders: sources,1
U.S. 'making a lot of progress' on North Korea issue: Trump,1
Brazil's Temer undergoes urinary tract surgery,1
Baby banned from Japanese municipal assembly,1
"Polish cut in retirement age comes into force, bucking European trend",1
U.S. arms sales jump 25 percent in FY 2017,1
"Militant blast, gun attack kill 18 police in Egypt's Sinai",1
"Egypt orders suspected Libyan militant, 14 others be held over desert attack",1
"Coalition with Merkel not automatic, all options open: Germany's SPD",1
THIS PICTURE OF HARRIET TUBMAN Should Be Used On The $20 Bill…If For No Other Reason Than To Drive Anti-Gun Left Crazy,0
Kremlin says Putin and Trump to discuss North Korea in Vietnam,1
" GOP Gives Trump The Middle Finger, Prepares To Launch Probe Into Russia",0
Attorney General Sessions says now recalls meeting flagged in Russia probe,1
Turkey threatens legal action after lawmaker calls Erdogan 'fascist dictator',1
"Turkey to close Iraq border, air space, will open new gate with Baghdad",1
U.S. approves possible $15 billion sale of THAAD missiles to Saudi Arabia,1
"Warren, Kaine, Castro on Clinton running-mate short list: AP",1
Extension of Iran Sanctions Act passes U.S. Congress,1
Syrian town struggles to cope alone after key victory over Islamic State,1
Activist Steyer expands agenda in bid to defeat 'dangerous' Trump,1
Senate Democrats ask Trump attorney general pick to recuse himself from Russia probes,1
Billionaire ‘Bilderberger’ David Rockefeller dead at 101,0
Palestinian accord must abide by international accords: Israeli official,1
"U.N. chief calls for united, 'appropriate action' on North Korea",1
One body found near wreckage of Russian helicopter off Svalbard,1
"Zimbabwe's Mugabe 'ready to die for what is correct', nephew tells Reuters",1
Backlash among German MPs against parliamentary Twitter ban,1
SAY WHAT? #BlackLivesMatter TEXTBOOKS TO BE USED AS PART OF COMMON CORE CURRICULUM IN GRADES 6-12 [Video],0
"First ""I do"" as same-sex marriage comes to Germany",1
Ex-NAACP chief Ben Jealous to run for Maryland governor,1
"Factbox: Clinton's policies on economy, Islamic State, other issues",1
China complains about Taiwan content in U.S. defense act,1
Jeb Bush gets a brotherly hand from George W. in South Carolina,1
"Possible Thales, Leonardo role in Franco-Italian ship talks: sources",1
"More than half of schools in Boko Haram's region are shut, UNICEF says",1
Mexican peso surges ahead of U.S. presidential debate,1
Panic on London's Oxford Street after reports of shooting,1
Leading Democrat: Critics can't conclude Trump is impaired,1
"Medical students, faculty rally to try to save Obamacare",1
Trump says China tried but failed to help on North Korea,1
U.S. House tax panel will not seek Trump tax returns: lawmaker,1
South Korea's Moon seeks Russia's cooperation over cut in North Korea oil supplies: Yonhap,1
Trump pick for China ambassador sees 'win-win' boost to trade ties,1
U.S. 'making a lot of progress' on North Korea issue: Trump,1
POWERFUL! FORMERLY OPPRESSED EX- MUSLIM WARNS Ignorant Americans About Danger Of “Welcoming The People I Fled From” [VIDEO],0
How Rubio’s campaign failed: problems from the start,1
"German, Chinese leaders agree on need to tighten North Korea sanctions",1
Trump explained U.S. position on THAAD to Xi: South Korea,1
ALARMING: NSA Refuses to Release Clinton-Lynch Tarmac Transcript with Lame Excuse,0
South Sudan commander defects to rebels amid showdown with ex-army chief,1
Pastor freed from prison in Iran to return to U.S. on Thursday: wife,1
 Trump Displays Incredible Ignorance Yet Again — Claims Credit For Term Coined Over A Hundred Years Ago,0
Text: Trump recognizes Jerusalem as Israel's capital,1
Malaysia scraps beer festival following Islamists' objections,1
Caribbean oil terminals make preparations ahead of Hurricane Maria,1
El Salvador launches commission to find those missing from civil war,1
U.S. gives China draft proposal for tougher North Korea sanctions - sources,1
EU's Juncker says ready to retaliate if needed over new U.S. sanctions on Russia,1
Trump taps Montana Congressman Zinke to lead Interior Department,1
Senate panel says it will subpoena Michael Flynn businesses,1
Dutch authorities try to avoid Russian air ban over Schiphol landing slots,1
Virginia GOP sues governor over restoring voting rights to felons,1
Top Russian and U.S. generals discuss Syria bombing allegations: Kommersant,1
Former President George W. Bush does not cast vote for president,1
"Charlottesville schools, parents address children's fears after violence",1
"Bus drives into pedestrian underpass in Moscow, kills four: agencies",1
Germans see Trump as bigger problem than North Korea or Russia,1
Trump delays announcement on whether U.S. embassy to be moved to Jerusalem,1
U.S. list of NAFTA goals 'not earth-shattering': Canada source,1
 Colbert Outs Republicans As The True Weirdos For Obsessing Over Who Goes To The Bathroom (VIDEO),0
Tens of thousands march for abortion rights in Ireland,1
Ex-Christie associates lose bid for new trial in 'Bridgegate' case,1
Senate to vote on just two Trump national security picks on Friday,1
Son of Russian lawmaker pleads guilty in cyber crime cases,1
" WATCH: Morning Joe Host Tells Kellyanne Conway To Go F*ck Herself, BANS Her From Show",0
"After sowing doubts, Trump backs NATO mutual defense under charter",1
Mayor says Atlantic City may face bankruptcy after bill vetoed,1
Islamic State seizes new Afghan foothold after luring Taliban defectors,1
ILLEGALS BEFORE AMERICAN CITIZENS: ACLU Sues 3 Missouri Colleges For Refusing Tuition Benefits To Illegal Aliens,0
Hope fades after 9 days of searching for Argentine submarine,1
NORDSTROM CANCELS IVANKA TRUMP BRAND After Liberal Complaints #BoycottNordstrom,0
Fractured Republicans come together in face of Trump triumph,1
WOW! DEMOCRATS Offer Tips On How To Convince Friends Christians Are More Likely To Commit Acts Of Terrorism Than Muslims,0
Senate to vote on Saudi arms sale measure this week: senators,1
Exiled Venezuelan opposition magistrates resurface in Chile,1
"Mexico to cut share of refined sugar sent to U.S., minister says",1
" Black Man Detained By Cops After Withdrawing $200,000 Of HIS OWN Money (VIDEO, IMAGES)",0
Egypt's Sisi invites Palestinian president to Cairo to discuss Trump's Jerusalem move,1
LEFTIST HATE ON STEROIDS: Donald Trump Tombstone Appears In NYC,0
Pro-Kurdish opposition leader's trial opens in Turkey,1
Prospects for House vote on gun control measure dims,1
France's Macron presses Saudi king to lift Yemen blockade: Elysee source,1
FEDERAL JUDGE Goes On Rant About Cops Killing Blacks….Declares: “Black Lives Matter!”…Blames Deaths Of Cops On Cops,0
House Speaker Ryan easily wins primary: media,1
Texas House passes 'bathroom bill' targeting public schools,1
"Republican Senators Corker, Toomey reach deal on budget resolution",1
Obama unveils wage insurance plan to spur job seekers,1
"Biden, Ukraine's Poroshenko to meet Thursday: White House",1
Mattis says U.S. working to ensure situation around Kirkuk does not escalate,1
Indonesia ready to help Bangladesh in dealing with Rohingya refugees,1
Trump handling of security information at Mar-a-Lago queried by House panel,1
Republican Moore embraces Trump message on eve of Alabama election,1
Jared Kushner NEVER Registered To Vote As A “Female”…Media Lie BACKFIRES…Shines Bright Light On How Easily Voter Fraud Can Occur,0
"Canada, U.S. join forces on tackling border asylum-seekers",1
Trump builds team of bosses to shake up Washington,1
Protests test tribal authority on South Africa's platinum belt,1
JUDGE ROY MOORE BLASTS Latest Accuser’s Press Conference With Same Liberal Lawyer Who Tried To Take Down Trump: “I Don’t Even Know The Woman”,0
Obama makes last attempt to persuade Congress to close Guantanamo,1
NOT KIDDING: ARIZONA NEWSPAPER Concerned Border Fence Too High For Illegals To Cross Safely,0
Grace Mugabe: the office worker who wanted to rule Zimbabwe,1
ANGRY Venezuelans CHASE Their President…Bang On Pots And Yell [Video],0
Man arrested at Trump rally said he wanted to shoot candidate: court papers,1
Somalia says it requested U.S. air strike that killed 100 militants,1
VETERANS CAN’T GET HEALTH CARE…But These MN Somali Muslims Got US Taxpayer Dollars For College…Used It For Jihad,0
Four Democrats seek probe into reviews ordered by acting SEC chair,1
Rights groups urge end to Poland's overhaul of judiciary,1
"Factbox: Trump on Twitter (Sept 13) - Tax reform, Florida",1
"Tillerson says U.S., Russia can settle problems, ease tension",1
Airlines in Cairo asked to implement Trump travel ban: EgyptAir official,1
Support for an independent Catalonia rises to three-year high: poll,1
"At G20 summit, Trump pledges $639 million in aid to four countries",1
Indonesian parliament speaker quits amid graft investigation,1
Pompeo might bring assets to 'hellish' secretary of state role,1
PRESIDENT Promotes Made in America: Omaha Steaks Owner “Wanted to Kiss Me” for Reopening Trade with China [Video],0
Indonesia court rejects petition to bar consensual sex outside marriage,1
Trump was wrong to retweet UK far-right group: British PM May's spokesman,1
Britain's Queen Elizabeth bows out of Remembrance wreath-laying ceremony,1
Son Of Egyptian Immigrants Hopes To Become FIRST MUSLIM GOVERNOR In U.S…Will Push For “Sanctuary State”,0
Ryan opposes Trump working with Democrats on healthcare,1
CLINTON ABRUPTLY Cancels Plans To Go to Charlotte On Sunday…Gives Lame Excuse,0
U.S. Senate's top tax lawmaker targets corporate offshore profits,1
"Trump says tax conference will go well, 'pretty quickly'",1
Louisiana governor says state's finances in dire situation,1
Trump proposes 15 percent business tax rate: White House summary,1
"Factbox: Humanitarian crisis in Bangladesh as 270,000 Rohingya flee Myanmar",1
"As Republican tax vote nears, more senators waver",1
Hariri tells Lebanese president will be in Lebanon Wednesday: Aoun,1
“STOP BLAMING WHITE PEOPLE For Trump’s Win Last Night…America Voted For Actual Change” [VIDEO],0
British negotiators still working on Brexit deal: Treasury minister,1
Senator Schumer expects 'mainstream nominee' for Supreme Court,1
U.N. rights forum to hold special session on Myanmar Rohingya - U.N. sources,1
France sees U.S. strike on Syria as tool to push for peace talks: Hollande,1
Mattis slams 'false' reports on Trump request for nuclear arms hike,1
U.S.-South Korea military exercise to start Aug. 21: Pentagon,1
Most Americans want Obama to nominate Scalia's replacement: Reuters/Ipsos,1
Refugees' health problems in Greece mostly unmet: medical charity,1
FACTBOX: About 6.1 million without power in U.S. Southeast after Irma: utilities,1
Clinton knocks Trump for cheering housing bubble burst,1
Democratic senator tussles with U.S. Treasury secretary over communication,1
Britain's defense minister resigns in growing harassment scandal,1
Malta offers 1 million-euro reward to find journalist's killers,1
Santorum to pull out of Republican White House race: CNN,1
"China backs U.N. call for justice in Yemen, U.S. and Saudis don't",1
OBAMA DOUBLES DOWN On The Threat Of Climate Change vs. Terrorism [Video],0
FULL INTERVIEW: Judge Jeanine Pirro’s In-Depth Interview With President Trump [Video],0
House Democratic leader Pelosi backs Clinton for president,1
"Trump mulls national security adviser pick, White House promises autonomy",1
Trump to meet with House Republicans on July 7,1
No prosecution for Trump campaign manager Florida battery charge,1
Thirty-one bodies recovered after migrant boat sinks off Libya,1
MONTEL WILLIAMS Says Oregon Patriots Are “Undereducated Terrorist Buffoons” And National Guard Should “Shoot To Kill” Them,0
 Dem Challenger To Paul Ryan Has Raised A Massive Amount Of Money In The Last 24 hours,0
Girl strapped with bomb kills five in Cameroon mosque,1
"Merkel, responding to Trump, says Europe's fate is in its own hands",1
"Bomb attack kills one Bahraini policeman, wounds eight",1
JUST IN: RAND PAUL ASSAULTED By Democrat Doctor…Here’s What We Know About The Attacker,0
Facebook says Russian-linked accounts spent just 97 cents on ads over Brexit,1
Trump's not-so-quick fix to undo Obamacare,1
Iran's Rouhani says Trump election has no effect on Tehran policies: IRNA,1
Shots fired at DMZ as North Korean soldier defects to South,1
McCain’s Mad World and The Cancer of Conflict,0
Detained asylum-seekers win right to sue PNG government for compensation,1
Vote on gun control measures in Senate likely on Tuesday: Feinstein,1
U.S. commerce chief Ross says nothing improper about investments: BBC reporter,1
Israeli minister says was misunderstood on war remarks with Iran,1
"Iran vows to stand with Baghdad, Ankara against Iraqi Kurds' independence push",1
Beijing evictions leave migrant workers in limbo as winter deepens,1
"While wealthy Mexicans swamped by quake aid, poor feel abandoned",1
Earthquake of magnitude 6.1 strikes off southern Japan: USGS,1
Exclusive: U.S. congressional committee demands answers on WHO cancer agency,1
Kurdistan region says Iraqi forces preparing major attack in oil-rich Kirkuk,1
Zimbabwe army hands ex-finance minister to police: relative,1
"Trump health pick defends stocks, says Americans won't lose insurance",1
Democratic lawmakers press Flynn on Middle East trips,1
"(VIDEO) FRIDAY NIGHT’S HYSTERICAL TAKE ON THE BOEHNER, MCCONNELL, CRUZ TUSSLE",0
Merkel warns Hungary of financial consequences of defying EU on migrants,1
"Kremlin, after Kurdish vote, says supports integrity of regional states",1
Arab coalition says will keep Yemen port open; air raids kill at least nine,1
White House meeting on Paris climate deal postponed: official,1
Senior Republican says Obama seeking moderate Supreme Court justice,1
Anti-Trump Protester’s X-Rated Comment Angers MSNBC Anchor: “Grow The Hell Up!”,0
Security for Trump's summer visit ruffles tranquil New Jersey town,1
 Supreme Court Unanimously Rejects Republican’s Latest Election Rigging Scheme,0
"China will stick to supply side structural reform, overcapacity reduction efforts",1
U.N. medics see evidence of rape in Myanmar army 'cleansing' campaign,1
Ohio governor lacks power to suspend open carry law: spokeswoman,1
"Starbucks, Univision, Democracy Works aim to boost U.S. voter turnout",1
DUP says Northern Ireland will leave EU on same terms as rest of UK,1
Trump campaign says it raised $80 million in July: statement,1
Trump tells Congress: 'Get ready to do your job - DACA!',1
Campaigning in style: How Jeb Bush blew through his war chest ,1
Iraqi Kurdish opposition party Gorran calls on Barzani to step down,1
Tillerson pays flying visit to Afghanistan to discuss U.S. strategy,1
Trump: Father of UCLA player in shoplifting case is 'ungrateful fool',1
Syrian army fights IS in Deir al-Zor as U.S.-backed forces loom,1
"As 'Bridgegate' trial begins, New Jersey's Christie remains focus",1
China to expand corruption supervision pilot scheme nationwide: Xinhua,1
Ex-Trump aide Flynn's family creates fund for 'enormous' legal fees,1
"Santorum to attend Trump's rally, campaign says",1
"Peru's president pardons ex-leader Fujimori, citing his health",1
"Trump will accept election results if it's fair, his son says",1
CNN’s Don Lemon: Is He an Alcoholic or Just a Drunk?,0
Greek prime minister says Turkey should continue its European orientation,1
U.S. jurors hear closing arguments over Iran-linked office tower,1
White House: Congress would have most impact on fighting tax avoidance,1
"Obama: US, Nordic nations agree sanctions against Russia should continue",1
"Senate passes budget blueprint, key to Trump tax effort",1
Car bomb kills journalist in Somali capital,1
Border without doctors? South Koreans urge more funding for trauma care after defector drama,1
No. 2 Republican in U.S. House sees conference on tax bill soon,1
Czech far-right party says will not support new government,1
U.S. partnership with Turkey in Islamic State fight 'very strong',1
McMaster says 'not concerned' after Kushner back-channel reports,1
"Kremlin: accusations that Russia behind Kiev blast are ""baseless""",1
No vote on healthcare bill this week in U.S. House,1
U.S. bomber drills aggravate North Korea ahead of Trump's Asia visit,1
Highlights: The Trump presidency on March 1 at 8:16 p.m. EST,1
EPA head seeks to avoid settlements with green groups,1
Russian warships dock in Philippines as Manila cultivates new ties,1
"Trump's push to cut federal jobs has modest impact, mostly in defense",1
" Paul Ryan Sharpens His Backstabbing Knife, Prepares War With White House (VIDEO)",0
EU states see Britain failing to meet Brexit divorce terms,1
"Reuters journalists in Myanmar appear in court, remanded for another 14 days",1
SEC nominee Clayton to get Senate panel vote April 4,1
Turkish warplanes kill three Kurdish militants in northern Iraq: army,1
House panel spars over self-driving car rules,1
Battle over N.C. transgender law intensifies as lawmakers reconvene,1
U.S. mulls request by lawmakers to waive shipping limits on Puerto Rico,1
"Turkey, Iran, Iraq may meet to discuss Kurdish Iraqi referendum: Turkey PM",1
Russia's Putin congratulates Trump on election win,1
Governor extends Flint water emergency as state approves funds,1
Trump says picks Mulvaney to be White House budget director,1
 GOP Rep. Just Achieved The IMPOSSIBLE By Outdoing Trump’s Hypocrisy On February Jobs Report,0
RED FLAG IN CLINTON’S FBI INTERVIEW Shocks Former Prosecutor Andrew McCarthy,0
Jordan sentences Syrian militant to death over border attack,1
Ohio governor signs bill legalizing medical marijuana,1
Britain must be clearer on Brexit divorce bill: Dutch PM,1
 It’s Mueller Time!: Russia Probe Just Got Worse For Trump And It’s Going To Hurt,0
"Friendly no more: Trump, Cruz erupt in bitter fight at Republican debate",1
"U.S. expels 15 Cuban diplomats, fuelling tensions with Havana",1
House budget chief expects budget resolution approval in October 5 vote,1
Watchdog presses U.S. lawmakers to probe Icahn's role with Trump,1
Trump believes Roy Moore should step aside if allegations are true -White House,1
Trump moving U.S. toward era of bilateral trade: White House,1
Lithuania gets minority government as junior partner leaves,1
Trump says Iran complying with nuclear deal but remains dangerous threat,1
Putin to meet Erdogan in Ankara on Sept 28: Kremlin,1
Who’s Better: “Dangerous Donald” or “Crooked Hillary”?,0
" Mothers Of The Movement Bring DNC To Tears, So Right-Wing Racists Come Out In Droves (VIDEO)",0
Trump health pick favors insurance for people with prior illness,1
Trump to meet Latin American leaders with eye on Venezuela,1
"The Final Control: TPP, TTIP, TISA Global Corporate Takeover",0
Factbox: Points of contention in talks on German coalition,1
Trump says his travel ban needed to ensure U.S. religious freedom,1
Senate's McConnell says tax bill should be revenue neutral,1
Unlikely allies eye vote to legalize cannabis in New Zealand,1
Ex-U.S. Attorney Yang being considered for SEC chair: source,1
Boeing says current Air Force One contract worth $170 million,1
Obama defends record on terrorism in national security speech,1
Arab rivalries exposed as Egypt targets Qatar in UNESCO vote,1
"Beating rivals and the odds, Trump captures Republican nomination",1
Some Republicans see attacking Obamacare through regulation,1
Lesotho detains army major over killing of military leader,1
Trump populism comes to Canada as Conservatives seek leader,1
"Zimbabwe's top general ready ""to step in"" to end purge of ousted VP supporters",1
Germany could award contract for new spy satellites this month: RND news group,1
U.S. adjusts military support to partners in Syria: White House,1
Trump open to Dreamers relief legislation without wall funding -aide,1
Wilbur Ross sworn in as secretary of commerce,1
Zimbabwe court postpones U.S. citizen's subversion case to January,1
U.N. chief says no communication with North Korea is dangerous,1
Illinois governor reports $188.1 million in 2015 personal income,1
Trump garners two more endorsements in U.S. Congress,1
U.S. military says conducted air strike against ISIS in Somalia,1
U.S. officials step up rhetoric on Russia link to email hacks,1
BRAVO! POPULIST REPUBLICANS Target Out Of Control LEGAL Immigration Like The Ridiculous “Diversity Lottery”,0
Paraguay senator with dictatorship ties to run for president,1
MARK STEYN ON CNN EXTORTION: Wolf Blitzer Has Put A Horse’s Head In Some Guy’s Bed,0
WATCH: ARROGANT Sexual Predator and Sometimes “Comedian” Louis C.K. Tells Stephen Colbert “Donald Trump Is An Insane Bigot and Hitler”,0
Peru opposition-ruled Congress approves Kuczynski's new cabinet,1
"Bloomberg opts out of U.S. presidential bid, calls for centrism",1
"Trump needs to accept waterboarding is prohibited torture, U.N. specialist says",1
NOT KIDDING! Serial Liar Brian Williams Blames “FAKE NEWS” For Hillary’s Loss On MSNBC Last Night [VIDEO],0
"#LockHimUp Former Oversight Chair Jason Chaffetz: If Comey’s Leaked Memos Contained Classified Information, He Should Have Handcuffs On And Go To Jail",0
Trump discusses immigration ideas in dinner with Republican lawmakers,1
Brazil's Temer faces new graft charges over JBS testimony,1
"Yahoo under scrutiny after latest hack, Verizon seeks new deal terms",1
Saudi Arabia arrests 46 for stirring divisions: state media,1
New York attorney general says will sue over Obamacare repeal,1
May heads for Brussels as last-minute Brexit talks go on,1
Somalia rebukes its states for breaking with Qatar,1
Tillerson cites Russian inaction as helping to fuel Syrian poison gas attack,1
 Ohio Fireman In Deep Sh*t For HORRIBLE Remarks About Saving ‘N*****s’,0
 Sarah Palin: My Husband Nearly Dying Made Me Realize How Important It Was To Elect Trump (VIDEO),0
"WELL, DUH! Transgender Wins International Women’s Weightlifting Title",0
Top U.S. Senate Democrat holds out hope for Obamacare subsidies,1
FBI opens investigation into South Africa's Guptas: FT,1
Republicans have finalized compromise U.S. tax bill -chief House tax writer,1
"Juncker wants EU finance minister, no separate euro budget or parliament",1
Thai king's remains laid to rest at end of five-day ceremony,1
BREAKING! INVESTIGATION: Hillary Clinton Did NOT Comply With Records Rules,0
"UK government, including Johnson, united behind May's Brexit plan: spokeswoman",1
Indonesia parliament speaker taken into custody by anti-graft agency,1
Trump says he and China's Xi to try to end opioid crisis,1
DECLASSIFIED US INTEL REPORT Used To Discredit Trump Is Huge Embarrassment…Evidence Was Compiled In 2012 After OBAMA’S Reelection,0
White House: Michelle Obama to join husband on trip to Britain,1
China says opposes unilateral sanctions after new U.S. curbs target North Korea,1
"Medical providers oppose Trump-backed health plan, Democrats take aim",1
Kellyanne Conway's husband says Trump tweets hurting legal case,1
FOOTBALL LEGEND JIM KELLY: “Donald Trump took care of my whole family” during cancer scare [Video],0
Britain says expects most EU citizens can stay after Brexit,1
Mattis praises Philippine army on winning fight in Marawi without rights abuse,1
Brexit deal guarantees no hard border in Ireland: Irish foreign minister,1
Lockheed Martin wins $743 million U.S. defense contract: Pentagon,1
Trump criticizes GM for Mexico investments,1
Britain's Johnson says no need for gloom about Trump victory,1
 ‘Maury’ Show Official Facebook Posts F*CKED UP Caption On Guest That Looks Like Ted Cruz (IMAGE),0
"Trump says travel ban should be 'larger, tougher and more specific'",1
Senate diverges over renewal of internet spying law,1
DRAIN OBAMA’S RADICAL SWAMP! Rep Chaffetz Calls Out OBAMA APPOINTED Fed Gov Ethics Director Over UNETHICAL Public Criticisms Of Trump,0
Brazil captures most wanted arms trafficker in Paraguay,1
State Department official 'pressured' FBI to declassify Clinton email: FBI documents,1
"BOOM! TED CRUZ, DESANTIS PUSH For Term Limits: “It is well past time to put an end to the cronyism and deceit…”",0
" Trump Explains Why He Fired James Comey, F*cks Up And Admits He Should Be Impeached (VIDEO)",0
U.S. Attorney General Sessions to hold a news conference on Thursday,1
 Foreign Governments Have Been Giving Elections To Republicans For Decades,0
Spanish lender Sabadell to transfer legal base to Alicante - spokeswoman,1
North Korea not ready to meet with South Korea in Russia: agencies,1
Senate committee issues subpoena for Manafort: statement,1
U.S. FCC chief unveils plan to scrap Obama-era internet rules,1
House Armed Services chairman: Trump budget not enough for U.S. military,1
Phoenix mayor calls on Trump to postpone rally planned for next week,1
Opponents of Saudi 9/11 bill keep up fight ahead of veto override vote,1
Trump says discussed forming cyber security unit with Putin,1
"MSNBC host leaving the Republican party, becoming an independent",1
Ex-president George H.W. Bush moved to intensive care; wife hospitalized,1
JESSE WATTERS Takes On Young Anti-Trump Protesters: “He said that black people are ignorant” [Video],0
Turkey's Erdogan presses world leaders to help Myanmar's Rohingya,1
Danish minister republishes controversial Prophet cartoon on Facebook,1
"McCain says 'no information' Russia sought to influence election, probe needed",1
Man with Palestinian flag smashes Jewish restaurant windows in Dutch capital,1
" BREAKING: Shooter Targets Congressional Republicans At Baseball Practice, Steve Scalise Shot",0
TRIGGERED! FORMER CIA AGENT: ‘Trey Gowdy Ought to Have His A** Kicked’ [Video],0
Foreign minister warns UK cannot become 'vassal state' of EU,1
Russia's foreign minister discussed Syria with his Turkish counterpart,1
U.N. vote a resounding global 'No' to U.S. intimidation: Iran's Zarif tweets,1
Merkel wants progress in coalition talks in 10 days,1
PUTIN ACCUSES U.S. Of Leaking Flight Path Of Russian Plane Shot Down By Turkey…Turkey Buying ISIS Oil,0
South Korea confirms traces of radioactive gas from North Korea's nuclear test,1
Clinton names Obama veterans to White House transition team,1
"For Chinese officials, Trump perhaps better the devil they don't know",1
"In circuitous speech, Trump touts VP pick Pence as man to unify party",1
Clinton need not give sworn testimony over emails: U.S. judge,1
"Trump 'not thrilled' with debate dates, Clinton vows 'to be there'",1
German official warns U.S. not to use sanctions for industrial policy,1
"About 100,000 Kurds have fled Kirkuk since Monday: Kurdish officials",1
Norway government to rule in minority after centrists abandon talks,1
Trump drops plan to create infrastructure council: White House,1
Russia spurns U.S. allegations it violates nuclear arms pact,1
"Trump discussed free trade pact with Japan's Abe, U.S. envoy says",1
Labor nominee Puzder's company wins discrimination trial delay as confirmation looms,1
Iraq's Abadi accepts Macron invitation to come to discuss Kurds: Elysee source,1
Obama signs into law opioid addiction bill to protect newborns,1
Australian police say car that hit pedestrians in Melbourne was a deliberate act,1
Europe rights watchdog says Turkey's emergency laws go too far,1
U.S. sanctuary cities weigh response to Trump's threat to curb funding,1
FLASHBACK To 2014 WaPo Headline: “Obama Should Fire John Brennan” For Lying…Only One Year After James Clapper Was Caught Lying Under Oath,0
Trump says violence by anti-fascists proves him right on Charlottesville,1
Woman arrested trying to scale gates of UK's Buckingham Palace,1
Iran names nuclear negotiating team member jailed for spying,1
Justice Department names new acting head of drug enforcement agency,1
"New Cyprus talks must offer clarity to Turk Cypriots, official says",1
Two Danish journalists wounded in Islamist knife attack in Gabon,1
U.S. to push ahead on climate pact before Trump takes over: Kerry,1
U.S. backs out of Latam development fund in sign of policy shift,1
"In Beijing, Trump presses China on North Korea and trade",1
 Intel Committee Member: ‘Innocent People Don’t Ask For Immunity’ (VIDEO),0
House Democrats rally to protect Special Counsel Mueller,1
" Trump Put Himself In Deep Sh*t, Personally Drafted Statement Lying About Jr’s Russia Meeting",0
Iranian military chief visits frontline near Aleppo,1
Draining the swamp: Hard-hit Everglades town mops up after Irma,1
"Chinese state tabloid warns Trump, end one China policy and China will take revenge",1
Israel says it foiled planned ISIS-inspired attack at Jerusalem holy site,1
House Speaker Ryan says contested Republican convention more likely,1
 Poll Shows Growing Number Of Republicans Don’t Think Trump Is The Best Option For The GOP,0
Trump wants to make sure U.S. nuclear arsenal at 'top of the pack',1
 Elijah Cummings Made Sure The GOP Is Well Aware They’re Hypocritical A**holes Regarding Flint,0
Sanders to Trump: use defense contracts as leverage for Carrier jobs,1
House backs massive increase in defense spending,1
"In Athens, Macron to urge renewal of EU democracy",1
"Chile's foreign minister: TPP not dead, despite Trump comments",1
Indonesia to reopen Bali airport after closure due to volcano,1
"Trump spoke with U.N. secretary general, met with union reps",1
Ukraine agrees to sign EU summit declaration: officials,1
South Africa's Ramaphosa steps up criticism ahead of ANC leadership vote,1
"Trump expected to decertify Iran nuclear deal, official says",1
Colombia urgently crafting law to allow crime gangs to surrender,1
 BOMBSHELL: Devin Nunes’ Entire Net Worth Sunk In Company With Strong Ties To Russia,0
Russian long-range bombers strike Islamic State targets in Syria,1
[VIDEO] CARLY TAKES ON THE VIEW Hacks Only Days After Saying She Has A “Demented Face” And A “Halloween Mask”,0
Saudi Arabia condemns Trump decision to recognize Jerusalem as capital of Israel,1
FBI fear of leaks drove decision on emails linked to Clinton: sources,1
"In court first, Swede jailed for rape of children online",1
Lebanon's Aoun says PM Hariri's freedom restricted in Riyadh,1
"Hariri warns Lebanon faces Arab sanctions risk, to return in days",1
Trump says may tie infrastructure with healthcare or tax reform: NY Times,1
Congo sets presidential election for December 2018,1
Togo forces fire tear gas to disperse anti-government sit-in,1
"Tillerson to discuss North Korea crisis, trade in China",1
Trump says never asked Comey to stop investigating Flynn,1
Trump to receive first security briefing: sources,1
Trump threat to run as independent counterproductive: party chief,1
LOCAL REPORTER IN DEEP BLUE STATE Stuns Liberals When He Goes Rogue…Tells Truth About Guns [VIDEO],0
"Obama meets with national security team on Syria, Islamic State",1
Russia's Lavrov: little difference between policies of Trump and Obama - RIA,1
Mexico says won't pay for Trump's 'terrible' border wall,1
"PM May's deputy to keep job after pornography claims, ITV says",1
China's probes of rights lawyers 'alarming': Human Rights Watch,1
"FBI, Secret Service probe letter sent to Trump's sister: NBC",1
Obama says U.S. special relationship with Britain will endure,1
ADVISORY: Story on Kushner visiting Iraq withdrawn,1
ABOUT HILLARY’S COUGH: We Discovered The Secret To Why She Keeps Coughing [Video],0
ILLINOIS: ENTIRE TEAM OF 8-Yr Old Kids Perform Disgusting Act of Disrespect For Our Flag and Law Enforcement Under Guidance Of Coach,0
"Mediterranean ""by far world's deadliest border"" for migrants: IOM",1
"Malay woman to be Singapore president, puts minority representation on agenda",1
Michigan governor expects no charges over Flint crisis: newspaper,1
"Philippine anti-narcotics chief warns of drugs war slowdown, police target assassins",1
Kurdistan region refuses to hand over border crossings to Iraqi government: Rudaw,1
Justice Department will not file immediate stay against Seattle immigration ruling,1
Trump DACA decision followed months of meetings involving senior Democrat,1
Erdogan says U.S. can't buy Turkish support on Jerusalem,1
Cambodian PM pulls back on threat to shut rights group founded by rival,1
" According To The New White House Chief Strategist, Liberal Women Are Just ‘A Bunch Of Dykes’",0
Congress passes funding bill averting government shutdown,1
Iran tests new missile after U.S. criticizes arms program,1
House Freedom Caucus chief calls for U.S. tax reform plan by end-July,1
"Trump celebrates first 100 days as president, blasts media",1
DNA tests on Dali's body refute woman's paternity claim,1
Indian tycoon Mallya appears in UK court on new money-laundering accusations,1
"EU must be part of U.S. Middle East peace push, Ireland says",1
Trans-Atlantic data talks targeted by U.S. Republicans at 11th hour,1
"Senators question Kaleo' $4,500 tag on opioid overdose treatment",1
Graft probe into Mexico president's ally poses tricky challenge ahead of elections,1
"NSA chief, intelligence director won't comment on Trump conversations",1
"In Alabama's Senate race, contenders fight over who is Trump's biggest fan",1
Indonesia demands answers after military chief denied U.S. entry,1
Democrat Gillibrand opposes Trump's Supreme Court nominee,1
U.S. Senate moves Jeff Sessions toward confirmation as attorney general,1
Henningsen: Obama White House Colluded with Facebook to Fabricate ‘Russian Bot’ Conspiracy,0
Comoros lawmaker leading citizenship inquiry attacked,1
Hurricane Irma worsens Latin America's fuel supply crunch,1
"Tillerson: Trump did not discuss 'sources, methods' in meeting with Russia's Lavrov",1
Second day of jury deliberation for Turkish banker ends with no verdict,1
 Watch Hillary’s Reaction When Security Tries To Kick Shirtless Male Supporters Out Of Her Rally,0
Republican tax code revamp hits House budget obstacle,1
White House says making 'a lot of progress' on tax reform,1
Russia blocks bid to briefly extend Syria chemical weapons inquiry,1
Republicans plan healthcare vote; Obama and TV host denounce bill,1
Japan weighs plans to deal with North Korean evacuees in case of crisis,1
Russia to limit U.S. military observation flights: RIA,1
U.S. will circulate resolution on North Korea this week,1
Obama suggests U.S. embassy move to Jerusalem could be 'explosive',1
Qatar emir says open to dialogue to resolve Gulf crisis,1
Protesters call for justice after Maltese journalist's killing,1
"German killer nurse suspected of 84 more murders, police say",1
Rationale for U.S.-EU trade deal still strong after Brexit vote: USTR,1
Tillerson says working to bring stability to Russia ties,1
Pakistan official details car chase that freed kidnapped U.S.-Canadian family,1
WATCH: THINGS GOT REALLY AWKWARD When NBC Sent Hoda Over To Help Spike Megyn Kelly’s Miserable Ratings,0
Zimbabwe's state mouthpiece captures fall of First Lady Grace,1
Cavani strikes back with four goals as PSG sink Caen,1
"Czech parliament picks speaker, opens way for new prime minister",1
Jailed British-Iranian charity worker received letter from ex-UK PM Cameron: prosecutor,1
U.S. does not recognize Kurdish independence vote in Iraq: Tillerson,1
Trump EPA lags behind in environmental enforcement: report,1
Canadian pastor escaped execution due to foreign citizenship: CBC,1
U.S. sees business as usual at ports of entry when travel ban starts,1
Undocumented immigrants given roles at Democratic convention,1
"Trump, Liberal Hypocrisy & Humanity’s Future",0
Czech foreign minister lightly injured in car accident: ministry,1
U.S. farm heartland lobbies to steer Trump away from Mexico trade war,1
Venezuela Maduro warns of repeat elections in states won by opposition,1
"No breakthrough in Supreme Court dispute between Obama, Republicans",1
Mexico says president Pena Nieto to meet Trump on Wednesday,1
"U.S. government watchdog to review Mar-a-Lago trips, Trump hotel profits",1
Tillerson stresses diplomacy on North Korea amid threats: ABC,1
May's government pushes Brexit bill to avoid 'chaotic' departure,1
New Hampshire governor asks Trump to stop Indonesian deportation effort,1
Lack of clear UK stance making Brexit talks tough: French PM,1
White House adviser Rhodes to meet with Cuban Americans in Miami next week,1
"Turkey wants Iraq's Kurdish region to drop referendum, avoid sanctions",1
EPA watchdog expands audit of administrator's travel: memo,1
Michigan governor's aides urged switch away from Flint River,1
White House weeks away from naming anyone to Fed: official,1
Factbox: Key issues in the NAFTA renegotiations,1
"Factbox: Trump on Twitter (July 26) - U.S. Military, Transgender individuals",1
 Carrier Workers BLAST Trump: ‘He Lied His Ass Off’,0
Decision on whether Trump adviser Bannon keeps his job is imminent: Axios,1
Ex-ally of Malaysian PM Najib held in graft probe: source,1
 Racists’ Heads Will Explode When They Find Out White-On-White Crime Is Higher,0
BREAKING: RUSSIA SMELLS OBAMA’S FOREIGN POLICY WEAKNESS AND MAKES A MOVE,0
ANTI-GUN Zealot KATIE COURIC Hit With $12 MILLION Defamation Lawsuit By 2nd Amendment Group [VIDEO],0
BREAKING: MYSTERIOUS METAL OBJECT Flings Out Of Hillary’s Pant Leg During Apparent Convulsion Or Seizure [Video],0
"Militants attack Egypt police, dozens killed: sources",1
Security tight as Germany marks anniversary of Christmas market attack,1
EU's Tusk appealed to Rajoy to avoid escalation in Catalonia,1
Trump campaign star Conway named as his presidential counselor,1
Factbox: Countdown to Brexit breakthrough?,1
"Sanders rejects deal on Puerto Rico, offers alternative",1
BREAKING: CLINTON CLEARED…Was This A Coordinated Last Minute Trick To Energize Hillary’s Base?,0
Puerto Rico either gets legislative fix or humanitarian aid: Congressman,1
Southeast Asia summit draft statement skips over Rohingya crisis,1
"U.S. will change course on climate policy, says former EPA transition head",1
Trump could pull out of global climate accord in a year: lawyers,1
"Islamic State claims responsibility for blast in Afghan capital, Kabul",1
Pennsylvania $2 bln budget gap is 'time bomb': governor,1
Libyans dig for water in latest test for capital's residents,1
Zimbabwe minister Moyo's Twitter account hacked: family member,1
 Cowardly GOP Rep. Files Police Complaint Against SENIORS Because He’s TERRIFIED Of Dissent,0
 WATCH: Chuck Todd Reveals More Evidence Trump’s Campaign Is A Money Making Scheme,0
"Mueller says Trump Jr, Manafort can testify publicly in Senate: Feinstein",1
 Why This Attorney General Is Going After Trump For ‘Fraud’,0
Factbox: Belgian procedures for executing a European arrest warrant,1
Trump says he believes Pakistan starting to respect U.S. again,1
"Trump speaking by phone with Israel's Netanyahu, Jordan king, Abbas: White House",1
Kenya's Odinga pulled out of election to avoid defeat: deputy president,1
"Unlike Trump, Americans want strong environmental regulator - Reuters/Ipsos",1
"Iran, EU and Russia defend nuclear deal after Trump threat",1
Three U.S. senators ask Mylan for EpiPen military reimbursements,1
Republicans seek special counsel's removal from Russia probe,1
Sweden seeks to buy $1 billion U.S. Patriot air defense missile system,1
Argentina judge says death of prosecutor Nisman was murder,1
China urges all sides to find political settlement to war in Syria,1
"Four killed, 11 injured as train collides with army truck in Finland",1
Students sent home from Indonesian Islamic school linked to child fighters,1
Factbox: Five facts about ex-Trump security aide Michael Flynn,1
National Party leads in New Zealand polls; New Zealand First still likely kingmaker,1
"Hoyer, asked on German finmin post, says 'extremely happy' at EIB",1
No deal on tax among German coalition parties: conservative politician,1
U.S. House panel to begin hearings on tax reform next week,1
" Christie Goes Ballistic On Cruz For ‘Awful, Selfish Speech’",0
U.S. ready to confront Beijing on South China Sea: admiral,1
Gunmen kill 13 Niger gendarmes in attack near Mali border,1
Jordan border crossing with Iraq to reopen in major boost to ties,1
White House does not rule out Sessions recusal on Russia probes,1
Iraqi-backed Yazidi group takes over Sinjar after Kurdish pullout: residents,1
Ex-Trump adviser Flynn talking to Congress about testifying in Russia probe: lawyer,1
"Obama aides slam Trump over claim about past presidents, fallen soldiers",1
MUSLIM ASSIMILATION UPDATE: Migrants Arrested For STONING Transgender Women In GERMANY,0
Republican Sandoval withdraws as possible Supreme Court pick,1
"Trump foreign policies could hurt, help his business empire",1
"Trump signs Russia sanctions bill, Moscow calls it 'trade war'",1
 Trump Is Now Threatening A Lawsuit Over Copyright Violation Of His Penis (IMAGE),0
Trump dictated misleading statement on son's meeting with Russian: Washington Post,1
Thousands of Indonesians join anti-Myanmar rally in Jakarta,1
Trump to meet with airline CEOs on Thursday: White House,1
Uzbek president says economic data was 'fiction' for years,1
 Anthony Bourdain Reveals The ‘ONE Good Thing’ About Trump And It’s HILARIOUS,0
Beijing kindergartens get permanent inspectors after abuse scandal: Xinhua,1
McCain calls on Trump to help Ukraine against Russia attack,1
"Danish PM's party dealt blow at local election, Social Democrats gain",1
Senate healthcare holdout Collins never got call from Trump,1
German ban on Islamist group True Religion confirmed as complaints dropped,1
Tillerson set to meet Trudeau for North Korea crisis talks: source,1
"Trump team wants more NAFTA access for U.S. goods, services: lawmakers",1
Exclusive: Republicans mostly blame Congress for healthcare reform failure - Reuters/Ipsos poll,1
Catalonia refuses to send weekly accounts to Madrid before referendum,1
Republican Senator Cruz pushes 15-20 percent corporate tax rate,1
Taiwan says its 23 million people will decide their future,1
U.S. Congress votes to apply Magnitsky human rights act globally,1
Taking a tough stance on summer: conservatives in U.S. House,1
Iran's Larijani says Tehran has a plan if U.S. withdraws from nuclear pact: Ifax,1
Factbox: U.N. sanctions on North Korea currently in force,1
Turkey arrests four people over explosion at Tupras refinery: Anadolu,1
U.S. Senate's Reid warns against postponing spending decisions,1
Israel frees three Turks arrested amid Jerusalem unrest,1
U.S. lawmakers propose making it easier to meet auto fuel rules,1
Senator McCain wants hearing on possible F-16 sale to Pakistan,1
Guatemala Congress says it will withdraw contested graft reforms,1
"U.N. says fighting stops in Sanaa, Saleh funeral expected",1
U.S. nuclear arsenal to cost $1.2 trillion over next 30 years: CBO,1
Young blacks more open to Bernie Sanders' White House bid,1
Wife of Chechen accused of Putin assassination plot shot dead near Kiev,1
U.S. suspends fast processing of high-tech visa applications,1
Highlights: The Trump presidency on March 20 at 9:20 P.M. EDT,1
Trump says still wants to drop U.S. corporate tax rate to 15 percent,1
WAS MURDERED 27 YEAR OLD DEMOCRAT Operative About To Blow The Whistle On VOTER FRAUD When He Was Shot In The Back? [VIDEO],0
Syrian opposition chief says Sochi does not serve political process,1
"Obama hits campaign trail, says ready to 'pass baton' to Clinton",1
Kremlin says Putin-Trump meeting possible before July,1
"Exclusive: Energy, not tech or finance, in CEO line-up for Trump's China visit",1
"Chile left-wing candidates could form alliance, threatening market rally",1
"U.S. mulls South Sudan pressure, cutting aid may not work: U.N. envoy",1
Kremlin calls North Korea's latest missile launch another 'provocation',1
May will allow Brexit delay in exceptional circumstances,1
Kuwait's ruler reappoints PM: state news agency,1
Brazil seeks to revoke asylum of Italian ex-guerrilla convicted of murder,1
Republican Senator McCain will return Tuesday for healthcare vote,1
BARACK OBAMA GOES THERE…Compares President Trump To Hitler In Front Of Chicago Audience,0
Britain aiming for outline Brexit transition deal by first quarter of 2018: Davis,1
EPA chief says ready to further relax fuel standards due to hurricanes,1
"Pence, Jordan's Abdullah discuss Islamic State, Syria, U.S. embassy in Israel: White House",1
"Washington braces for anti-Trump protests, New Yorkers march",1
Catalonia finds no friends among EU leaders,1
Battle lines drawn for South Africa's ANC on eve of leadership vote,1
Trump: U.S. has 'no choice' but to deal with North Korea arms challenge,1
CAN HILLARY LIE HER WAY OUT OF THIS ONE? PHYSICIAN Says Hillary Has Parkinson’s Disease…Hillary Admits She Couldn’t Even “Get Up” After Convention,0
Turkey chides Arabs for 'weak' reaction ahead of Jerusalem summit,1
"Take cover, avoid bomb flash. Guam issues nuclear guidelines",1
Russia sanctions bill remains stalled in U.S. Congress,1
Saudi cleric suspended over 'quarter-brain' women drivers quip,1
 GOP Voters Declare #NeverTrump & #RepublicansForHillary As Donald Is Named The Nominee (TWEETS),0
UAE diplomat summoned by Turkish ministry over Ottoman tweet,1
Judge blocks latest Trump curbs on people entering United States,1
Co-leader of Germany's far-right AfD to quit in major blow,1
Departing U.S. trade chief warns against withdrawing from TPP,1
"Stung by reputation, Taiwan looks to turn corner on money laundering",1
Dutchman put on trial for Ethiopian war crimes in 1970s,1
Senate set for pivotal vote on Supreme Court nominee,1
Cuba holds municipal elections on road to Castro era’s end,1
DEMOCRATS ARE AFRAID That Trump Will Beat Hillary…And Here’s The Proof [VIDEO],0
Saudi foreign minister says Iran main sponsor of global terror,1
U.S. ends program for Central American minors fleeing violence,1
Trump son-in-law Kushner hires prominent trial lawyer: NYT,1
Exclusive: U.S. asks Israel to restrain response to Jerusalem move - document,1
HILLARY CHEATED! Who Really Fed Hillary The Answers To Her Questions At Veteran’s Forum?,0
Tunisia PM will go ahead with painful policy despite opposition,1
Russian military: Syria government troops control 85 percent of Syria - agencies,1
Austrian far-right leader says has ruled out Brexit-style vote,1
Merkel meets Trump in clash of style and substance,1
U.S. House Judiciary Democrats ask FBI to investigate Sessions,1
 WATCH: Sean Spicer In December STRONGLY Opposed Exactly What He Did Today,0
GOP HOUSE LEADERSHIP Place Political Careers Before National Security: Why They Are Reportedly Caving (Again) To Democrats,0
Australia to tighten airport security further after foiled attack,1
DEVASTATING 30 SECOND Commercial Shows Scary Truth About TARGET’S Dangerous Open Door Bathroom Policy [VIDEO],0
Supreme Court's Gorsuch criticized over Trump hotel speech,1
Israeli minister reveals covert contacts with Saudi Arabia,1
Obama says EU and U.S. must move forward with TTIP,1
Ukraine's Tymoshenko expects fair U.S. ruling after Manafort indicted,1
Senate Democrats question if they can trust EXIM Bank nominee to support its mission,1
Haiti's ex-prime minister banned from travel amid corruption probe,1
Trump Muslim comments do not tarnish view of U.S. freedoms abroad: ambassador,1
JUDGE JEANINE HAMMERS OBAMA: “There’s a hero in Washington and you need to let him do his job!” [Video],0
New Zealand's populist Peters garners attention as kingmaker in heated election debate,1
Suitcase of sapphires and other gems worth 1 million pounds stolen from London train,1
Pyongyang shown no interest in talks: State Department,1
" The PGA Just Gave Donald Trump A Big Middle Finger, And He’s P*ssed",0
"U.S., Nigerien troops killed in ambush on patrol in Niger",1
Tillerson to visit Turkey as Raqqa operation heats up,1
Hawaii issues first challenge to Trump's new travel ban,1
Obama says urges a wait-and-see approach on Trump proposals,1
Trump says Supreme Court decision on travel ban 'a clear victory',1
Trump Jr. emails suggest he welcomed Russian help against Clinton,1
Ex-U.S. consumer bureau head Cordray set to run for Ohio governor,1
 Conservative Dream Come True: Judge Grants Rapist Joint Custody Of Victim’s Child,0
Illinois House Democrats advance FY 2017 budget amid veto threat,1
Trump says Russia hurting U.S. efforts on North Korea nuclear issue,1
ALL HELL IS ABOUT TO BREAK LOOSE Between European Vigilante Group “Soldiers Of Odin” And ISIS Inspired “Soldiers Of Allah”,0
British lawmakers defeat May's government on Brexit law,1
Saudi-led air strikes support Yemen's Saleh as he shifts against Houthis,1
Norway to appoint first woman foreign minister: reports,1
Economic espionage a 'tremendous problem': U.S. attorney general,1
"Divided on Trump, EU insists on European unity",1
"Russia, U.S. stalemate over Syria chemical weapons inquiry",1
KARMA! BIRTHDAY BOY BILL CLINTON HECKLED BY KIDS ON THE GOLF COURSE,0
Trump Jr. to testify privately to Senate committee on Thursday,1
Tennessee governor endorses Rubio in Republican presidential bid,1
NBA THREATENS NC…Let Men Share Bathrooms With Your Daughters Or We’ll Cancel All-Star Game,0
China's Xi tells Trump stronger ties good for stability: Xinhua,1
"Trump, advisers craft more orderly response to North Korea after latest test",1
Campaign chief to oversee Trump U.S. vice presidential search,1
U.S. conducts missile defense test off Hawaii coast,1
Franco-German fighter jet project likely to be opened to other countries,1
 ‘Drain The Swamp’ Trump Is Now Doing White House Ads For Corporate America (VIDEO),0
"Prior to his SEC nomination, Clayton communicated with SEC contractor",1
Britain to limit acid sales after steep rise in assaults,1
U.S. sees 'too many' troubling statements from Philippines' Duterte,1
Oklahoma Supreme Court strikes down restrictive abortion law,1
"Only five ministers, attorney general turn up for Zimbabwe cabinet meeting: sources",1
"Protesters throw rocks, bottles at police outside Trump rally in New Mexico",1
"Trump, after talk with China's Xi, says North Korea faces more sanctions",1
"U.N. warns millions at risk in Yemen, urges Saudi coalition to open ports",1
Trump-backed Navy expansion would boost costs some $400 billion over 30 years: study,1
"U.S. Air Force picks Raytheon, Lockheed for next-gen cruise missile",1
"Presidential hopeful wants Finland out of EU, says nationalists will bounce back",1
White House divisions on display with Scaramucci's comments,1
 WATCH: Conservative Activist Openly Declares That Contraception Should Be Illegal,0
Xi calls for concerted effort to resolve Korean peninsula issue: Xinhua,1
[VIDEO] WHAT JERRY SEINFELD HAS TO SAY ABOUT OVERLY PC COLLEGE KIDS WILL MAKE THE LEFT CRAZY,0
U.S. citizen on the run after busting out of Bali prison,1
"Rights group voices fears over Trump refugee plan, torture",1
"Trump aide says no decision on Clinton prosecutor, now focused on unity",1
Clinton expands lead over Trump to 13 points: Reuters/Ipsos poll,1
Trump may reinstate secret CIA 'black site' prisons: U.S. officials,1
 Trump Fan Drives Jeep Through Crowd Of Protesters (VIDEO),0
U.S. opens door to a change in blood donation policy for gay men,1
UNIVERSITY WARNS: Make Sure Your Holiday Party Is Not A “Christmas Party” In Disguise,0
Democratic senators urge speed on Supreme Court nominee,1
"Trump not aware of 2016 meeting between son, Russian lawyer: legal spokesman",1
One dead after light aircraft collides on Caernarfon runway,1
Japan PM says forex policy should not be discussed by leaders,1
Michigan governor asks Obama for federal aid in Flint water crisis,1
LEO DITCHES HILLARY: Shady Excuse Doesn’t Fly In DiCaprio Fundraiser Cancellation,0
Trump paid $38 million in taxes in 2005: White House,1
Truck bomb in northern Iraq kills at least 23,1
Trump aide Greenblatt heads to Israel after Jerusalem announcement,1
WOW! NEWS ANCHOR Hammers Obama On His Pro-Muslim Speech At Radical Mosque [Video],0
Germany says EU states must implement court ruling on migrants swiftly,1
Trump wants ex-Goldman partner Mnuchin to run U.S. Treasury: Fox Business,1
(VIDEO) DONALD TRUMP: “NOT BEHOLDEN TO ANYONE”,0
"WATCH: SMARTPHONE CAPTURES NEW BOATLOAD OF “Scared, Hungry Women and Children” On Their Way To Europe…While 6.6 MILLION More Are Waiting To Cross",0
Senator Jeff Sessions to endorse Trump White House bid: Drudge Report,1
 Karma In All Its Glory: Republican Chairwoman Forced To Resign Over ‘Obama Is A Chimp’ Facebook Post,0
 Republican Mailer Threatens To Out Voters To Neighbors If They Vote Democrat,0
GERMANY: Afghan “Teen” Refugee Who RAPED and KILLED Female Med Student and Refugee Volunteer Is Actually 33-Years Old…And There’s MORE!,0
China warns Taiwan not to rely on foreigners after attack threat,1
House Speaker Ryan: lawmakers likely to come together on Puerto Rico,1
Trump's low approval rating masks his support among likely voters: Reuters/Ipsos poll,1
" FBI Releases DAMNING Information About Russian Collusion, Trump TERRIFIED",0
Obama And Kerry Exposed: Secret Side Deals With Iran And No Nuclear Agreement,0
We'll lift Russia sanctions when east Ukraine is peaceful: Merkel,1
"Islamic State killed more than 60, dozens missing in Syrian town: governor",1
Greece and Turkey trade barbs as Erdogan visits Athens,1
Iran says 'biased' French stance threatens Middle East stability,1
"WATCH: KELLYANNE CONWAY Gives Dreaded Answer To Liberal Hack, “This Week” Host George Stephanopoulos’ Question About Trump’s Plans To Run In 2020",0
"Hastert loses one Illinois pension, keeps another after sentencing",1
Newly freed Pakistani Islamist calls ex-PM Nawaz Sharif a 'traitor',1
House Speaker does not rule out amendments to debt limit bill,1
MEDIA DOWNPLAYS Attack By Unhinged Neighbor On Senator Rand Paul…’Minor Injuries’ Not So Minor,0
Egyptian rights lawyer says he'll run for president in 2018,1
New Jersey's Christie vetoes bill seeking Trump's tax returns,1
"Brexit deal could be template for EU ties to Ukraine, Turkey, Germany's Gabriel says",1
"FARRAKHAN DEVOTEE, COP HATER AND RAPPER, ‘KILLER MIKE’ To Speak At SOLD OUT Event At Prestigious MIT University",0
Congress should give Puerto Rico debt restructuring authority: White House,1
Senators urge Trump to avoid blockade of Venezuela oil shipments,1
‘SLEEPY’ JUSTICE GINSBURG: Excites Crowd By Saying She’d Back Abolition Of The Electoral College [Video],0
Liberia's ruling party alleges election irregularities,1
Russia may seize U.S. property if its own compounds not returned: Kommersant,1
Cuba calls Trump's U.N. address 'unacceptable and meddling',1
"Factbox: Five facts about Mike Pompeo, expected to replace Tillerson",1
UK PM May: We will not revoke Article 50 EU exit process,1
Austria's Freedom Party criticizes ECJ ruling on migrant quotas,1
France's Macron says external powers must stop interfering in Lebanon,1
Trump taps Retired General Kelly to lead Homeland Security: statement,1
Trump says to approve lifting restrictions on South Korea missile payload limits,1
Obama avoids pipeline comment but urges tribal sovereignty,1
(VIDEO) DESPERATION? CLINTON CAMPAIGN PANDERS TO RADICAL BLACK GROUPS,0
"Trump interviews four for Fed chair job, to decide in two-three weeks",1
U.S. lawmakers say Afghanistan corruption threatens future spending,1
"Trump tries to move past controversies, says he is keeping promises",1
Trump picks former U.N. spokesman Grenell for ambassador to Germany,1
Kushner to make statement to the press after speaking to lawmakers,1
Turkey has completed purchase of Russian missile defense: defense minister,1
HOPE FOR FORGOTTEN AMERICA…Why Trump Is Last Chance For This Steel Town Where 94% Of Jobs Have Gone [VIDEO],0
AT&T lawyer says U.S. effort to stop Time Warner deal 'foolish': CNBC,1
 The Pope Just Called Most American Employers (And Donald Trump) ‘Bloodsuckers’,0
Louisiana governor to sign law making police killings hate crimes,1
ANTI-HILLARY POSTERS POP UP All Over Hollywood…Great timing!,0
Australia finds wreck of first Allied submarine to sink in World War One,1
House speaker tells Trump healthcare bill lacks votes: CNN,1
"Russia says continues dialogue with Washington on North Korea, Iran: RIA",1
Al Qaeda warns Myanmar of 'punishment' over Rohingya,1
Kremlin says too early to react to Trump nuclear cuts offer,1
Explosion in Mali kills three U.N. soldiers from Bangladesh,1
"U.S. Senate votes near unanimously for Russia, Iran sanctions",1
Trump cancels California event to stay in New York,1
Trump does not think U.S. should copy Australia's health system: White House,1
DISMISSED: Trump Fires Scandal Plagued FBI Director James Comey – What Does It Mean?,0
Iran 'hopes Hariri will remain Lebanon's prime minister',1
Obama makes no mention of Trump in first major post-presidential appearance,1
Disputed CFPB acting director plans to seek preliminary injunction: filing,1
 Evan McMullin: ‘Never In His Life’ Has Trump Had To Watch His Mouth (VIDEO),0
 Cruz Trying To Hold Fiorina’s Hand Is More Awkward Than A Middle School Dance (VIDEO),0
NATIONAL ENQUIRER ENDORSED TRUMP…Then Dropped YUGE Bombshell: “CRUZ’S 5 SECRET MISTRESSES”,0
Police investigating militants search Brussels houses,1
McConnell says deep State Department budget cuts won't pass,1
Kansas lawmakers to hash out fiscal 2017 budget fix,1
"China, U.S. create 'miracle' with $253.4 billion in dealmaking: Zhong",1
Palestinian prime minister visits Gaza in move to reconcile with Hamas,1
"Nothing should change, says Britain in bid for post-Brexit security pact",1
Florida legislature approves controversial abortion restrictions,1
Venezuelan opposition pins hopes on elections as protests falter,1
"As Republicans aim to ride economy to election victory, a warning from voters in key district",1
Trump: Being friends with North Korea's Kim is possible,1
Trump travel restrictions hit demand for visits to U.S.: study,1
Democrats in disarray on eve of convention to nominate Clinton,1
 Donald Trump Is Clearly Panicking; Avoiding The People Who Voted For Him,0
"BRITISH TV PERSONALITY: Don’t Blame Trump For Muslim Ban Comments , He Speaks For The Masses…Who Can Blame Americans For Not Wanting To End Up Like UK? [VIDEO]",0
"Illinois House enacts FY 2018 budget, ending record impasse",1
"U.S. can still hit climate goals despite Supreme Court pause, White House says",1
Senate set to vote Thursday on limiting Supreme Court nominee debate,1
Ex-head of Colorado Republicans charged with voter fraud,1
EPA chief says Paris climate agreement 'bad deal' for U.S.,1
Liberia electoral commission says fraud claims lack evidence,1
U.S. defense elite rally behind Trump's unusual Pentagon pick,1
 Tiffany Trump Is Sad As Hell After Whole Family Completely Forgot Her Birthday,0
"Sudan general, nine soldiers killed in Darfur clashes: SUNA",1
Sen. McConnell says expects Puerto Rico funding request by mid-October,1
" New Poll Shows How Batsh** CRAZY Trump Fans Are, Gives Them A BRUTAL Reality Check (IMAGES)",0
Austrian president tells Kurz to heed 'European values' on coalition,1
Merkel wants outline coalition deal with SPD by mid-January,1
Homeland Security secretary expects wall to be 'under way' within two years,1
You're fired! U.S. school debaters' dim view of Trump's podium style,1
Russia U.N. envoy says U.S. sanctions will not change Moscow,1
BUSTED! NANCY PELOSI Claims No Meeting With Russian Ambassador…Photo From 2010 Proves Otherwise! [Video],0
Trump to broaden exemptions to Obamacare birth control mandate: report,1
"Italian parliament passes 2018 budget, clearing way for elections",1
Ryan says expects legislation to replace Obamacare this year,1
"From Syria to North Korea, Tillerson would inherit a messy global situation",1
Trump's choice for U.S. attorney general says he can stand up to him,1
Merkel says she would prefer new elections over minority government,1
"Russia, Iran sanctions bill hits roadblock in U.S. House",1
"U.S. Senate's Reid, in last round, jabs outside money in Nevada succession fight",1
Congressional race in Virginia shows Trump drag on Republicans,1
Conservative firebrand defeats Trump pick in Alabama primary for U.S. Senate,1
Factbox: Legal issues in Supreme Court immigration case,1
"DONALD TRUMP JR., JUST HUMILIATED Michael Moore In Front Of Millions On Social Media…And It Was SPECTACULAR!",0
U.S. Supreme Court to decide major case on Obama immigration plan,1
Measure to hike California's minimum wage to $15 qualifies for ballot,1
Iraq Kurds seek international help to lift sanctions imposed by Baghdad,1
Islamic State guerrilla attacks point to its future strategy,1
European Parliament wants Britain to end discrimination against EU citizens: draft,1
 Donald Trump On Accusations Of Sexual Assault: Mexico Did It,0
China top graft buster says corruption fight 'world class hard',1
White House welcomes Supreme Court ruling on electricity markets rule,1
London police arrest woman after incident at Prince George's school,1
Suicide bomber kills at least 18 at police academy in Somalia's capital,1
Exclusive: Trump targets illegal immigrants who were given reprieves from deportation by Obama,1
Puerto Rico governor cites 'sharp contrast' with island's overseers,1
Japan's Abe vows to put education spending before budget balance,1
Trump Supreme Court nominee Gorsuch seen in the mold of Scalia,1
 WATCH: Democrats Release Video PERFECTLY Highlighting Hypocrisy Of Trump’s Appointments,0
Judge tells Trump University litigants they would be wise to settle,1
Democratic leader Schumer emerges as Trump's newest punching bag,1
“Peaceful” Muslims Scream: “THIS IS FOR ALLAH” After Driving Van 50 MPH Pedestrians…3 ARMED Terrorists On Run In Gun-Free London…Britain’s PM Calls It “Potential Act Of Terror” [VIDEO],0
Death toll in collision between Tunisian navy and migrant boat reaches 34,1
Senators criticize Trump's information shut-out to Democrats,1
"Kurdish demonstrator killed, 6 wounded in Iraqi city of Khanaqin: mayor",1
London art auction raises $2.5 million for survivors of deadly Grenfell Tower blaze,1
Trump questions why U.S. Civil War had to happen,1
Turkey starts trial of 30 newspaper staff for links to coup attempt,1
" OOPS: Hypocrite Trump Accuses Amazon Of Not Paying Taxes, Except They Do",0
"HILLARY’S CAMPAIGN MANAGER STAMMERS When Asked Why Using Trump’s Stolen Tax Returns Are Okay, But Wikileaks Emails Aren’t [VIDEO]",0
U.S. military says will not disclose details on injured service members,1
Trump angers UK with truculent tweet to May after sharing far-right videos,1
 Ben & Jerry’s Ice Cream Founders Get Arrested At U.S. Capitol,0
EU's Juncker offers carrot and stick to eastern states,1
Islamic State's footprint spreading in northern Somalia: U.N.,1
Britain will not pay 'a penny more' than it thinks right to leave EU: Boris Johnson,1
Romney: It's 'disqualifying' for Trump not to release tax returns,1
 Bystander Uses Baseball Bat To Stop Man From Crushing Toddler’s Head ‘For God’ (VIDEO),0
"Refusing to sit on lead, Trump gets bitter in Republican debate",1
Supreme Court gives Hawaii until Tuesday to answer Trump travel ban motion,1
 Saturday Night Live Takes On GOP Cowardice In Stunningly Accurate Faux Movie Trailer (VIDEO),0
"Turkey says U.S. isolated on Jerusalem, issuing threats",1
South Africa's Ramaphosa gets most nominations ahead of ANC leadership vote,1
"COWARDLY BLACK BLOC THUG Dane Powell Pleads Guilty…Faces 6 Yrs In Prison For Rioting, Assaulting Police During Trump’s Inauguration [VIDEO]",0
Pence fires up anti-abortion activists in Washington march,1
Zimbabwe court grants bail to U.S. citizen charged with subversion,1
EU exec proposes deeper euro zone integration to unite EU,1
Trump considering how move of U.S. Embassy in Israel could affect Mideast peace,1
 Heckler Screams ‘F*ck Hillary’ At Clinton Rally – And She Just Laughs At Him (VIDEO),0
"Israel says Hezbollah runs Lebanese army, signaling both are foes",1
Turkish tanks drill on Iraqi border week before Kurdish vote,1
"Obama tells Latin America and world: give Trump time, don't assume worst",1
Trump's campaign should be fair game in Trump University trial: lawyers,1
Central African president pleads to U.N.: Don't forget us,1
Texas lawyer sues Cruz to challenge eligibility,1
LOBBYING FOR VOTES? How Trump Could LEGALLY Fly The 200 Must Have Delegates To Mar-a-Lago For A Luxurious Weekend,0
THINK AMERICA CAN’T END UP LIKE GREECE? THINK AGAIN!,0
Britain's M1 motorway partially closed after suspicious object discovered,1
U.S. House Speaker backs intelligence panel chair in Russia probe,1
Norway says sunken Russian helicopter wreckage may have been located,1
"Kurdish leader departs, leaving nephew faced with reconciliation",1
Four Serbs get suspended sentences for 2008 attack on U.S. embassy,1
China hopes all sides' words and actions reduce tension on Korean peninsula,1
Peru's Congress ousts cabinet as political crisis deepens,1
EU reopens feud over quotas for hosting refugees,1
The Trump tightrope: Republicans weigh response with eye toward future,1
" NBA Kowtows To Racists, Orders Players To Stand For Anthem",0
" Hillary Talks Taco Trucks, SHREDS Trump, And The Crowd Goes WILD (VIDEO)",0
New York attorney general opens probe of Trump Foundation,1
Opponents of Cruz White House bid take case to N.Y. appeals panel,1
Tillerson says Saudi Arabia not ready for talks with Qatar on Gulf crisis,1
U.S. House Republicans finalize list of rules to kill in Wednesday vote,1
 This Really Happened: Fox Interrupted Trump To Criticize Him And Praised Obama,0
Trump slams federal court ruling on funding for 'sanctuary cities',1
" Leslie Knope Writes Powerful, Heartbreaking Letter To America That EVERYONE Should Read",0
Peru's central bank chief says Trump gives him 'goose bumps',1
Clinton's surprise Michigan loss exposes risks for her on trade,1
Trump says he has narrowed potential running mate picks to five or six: AP,1
"Watch out frontrunners, over 1,500 candidates vying for White House",1
Islamic State raises stakes with Egypt mosque attack,1
Mexico finance minister resigns to seek presidency for ruling party,1
 Racists Go CRAZY after Samuel L Jackson Trashes Trump On Jimmy Kimmel Live (VIDEO),0
N.J. Governor Chris Christie accosts heckler in Milwaukee,1
U.S. military orders additional probe into August Somalia raid,1
Michigan governor denies misleading U.S. House on Flint water,1
Factbox: Short list of potential picks for Trump administration,1
 Donald Trump Thanks The ‘Poorly Educated’ For Handing Him Victory In Nevada (VIDEO),0
Rebels kill 15 peacekeepers in Congo in worst attack on U.N. in recent history,1
Zimbabwean activist pastor arrested for criticizing Mugabe government,1
Obama scolds Senate Republicans for Supreme Court threat,1
"Britain to pay 400 million-pound debt to Iran soon, Iranian envoy says",1
Chinese general kills himself amid corruption probe,1
"Senator Johnson: Trump argued for repealing, replacing Obamacare",1
WHY “MODERATE” MUSLIMS DON’T SPEAK OUT: Muslim Shopkeeper Makes Video Wishing Customers “Happy Easter”…Muslim Man Stabs Him To Death [VIDEO],0
Russian submarines fire cruise missiles at Islamic state in Syria,1
France's Occitanie region calls for Spain and Catalonia peace talks,1
Trump foundation stops fundraising in New York state,1
Ireland trying to force Northern Ireland to stay in customs union after Brexit: DUP,1
JUST IN: NYC TERRORIST Allegedly Entered U.S. On NY Democrat Senator Chuck Schumer’s ‘DIVERSITY VISA” Program,0
Global backlash grows against Trump's immigration order,1
Spain's PM says may use constitution to block Catalan independence,1
"U.N. condemns North Korea missile launch after Russia, U.S. spar over words",1
Trump considering Dallas investor Ray Washburne for interior secretary: CNBC,1
Trump says ending chain migration will be part of a DACA deal: Fox interview,1
Turkey seeks life sentences for 60 ex-military over 1997 'post-modern coup',1
"Republicans, Democrats sharply divided over Muslims in America: Reuters/Ipsos poll",1
Trump to name National Labor Relations Board chairman: White House,1
Massachusetts ballot initiative on president tax return passes hurdle,1
 Obama’s Doing Something BIG To Raise Pay For Millions Of Americans (VIDEO),0
Modi says India shares Myanmar's concern about 'extremist violence',1
 Everyone Is Freaking Out Over This ‘Visitor’ At A Bernie Sanders Rally (VIDEO/TWEETS),0
Elite Nazi-allied Order From Hungary Claims Trump Adviser Sebastian Gorka Is Sworn Member,0
" Newt Gingrich Attempted To Stiff Small Businesses, FEC Shot Him Down",0
"EPA confirms White House freeze on grants, contracts ends Friday",1
California poised to shut out Republicans from U.S. Senate race,1
"U.S. loan to Puerto Rico a start, but more aid to come: official",1
Four dead in ambush of World Food Programme convoy in Nigeria,1
NOT FUNNY! What These “MORONS” Did For Crooked Hillary Should FRIGHTEN Every American [VIDEO],0
U.S. judge finds Texas voter ID law was intended to discriminate,1
Workers rights get Qatar nod as ILO poised decide on abuse probe,1
"Puigdemont, other sacked Catalan leaders in Brussels: media",1
Spy plane contract to be awarded in fiscal 2018: U.S. Air Force,1
Green Party raises $3.5 million for presidential vote recounts,1
Transport minister doesn't think Britain will leave EU without a deal,1
Investors gird for impact of Trump healthcare measures,1
Damaged A380 to be flown to France to investigate engine blast,1
South Korea calls for 'bone-numbing' sanctions on North for nuclear test,1
"Myanmar forces may be guilty of genocide against Rohingya, U.N. says",1
Two Republican senators join opposition to revised healthcare bill,1
German admits selling gun to Munich attack shooter,1
Republican National Committee cuts ties with Moore: Politico,1
" Republican Congressman Rejects Trump In Scathing Open Letter, Will Vote For Hillary",0
"Clinton disparages Trump's economic plan, vows to help workers",1
Exclusive: Koch brothers will not use funds to try to block Trump nomination,1
NBC MANAGEMENT “Protected The Sh*t Out of Him”: Details of Married Matt Lauer’s Disgusting Acts Of Sexual Harassment Are REVEALED After Democrat Fan Boy Is Fired,0
Clinton blames FBI's Comey for her defeat in call with donors,1
Record fall in net migration to UK in year after Brexit vote,1
"Trump again vows to bring back U.S. jobs, but offers few details",1
U.S. court: Ruling on Trump travel ban will not come Wednesday,1
Panama to send immigration envoys to China as visa limits lifted,1
Merkel calls on Hungary to implement court ruling on refugee distribution,1
Boiler Room EP #82 – Mind-boggling Collusion,0
Poles dressed in black march in defense of women's rights,1
"House speaker, Trump aides vow tax reform by end of 2017",1
Factbox: Issues at stake in Trump-China summit in Florida,1
Germany's CSU denies report Seehofer to quit as Bavaria premier,1
"In schools and hospitals, Turkey carves north Syria role",1
Trump administration starts countdown to NAFTA talks in mid-August,1
Trump Cabinet's First World problem: omitting a few million here and there,1
Petrol bombs and tear gas in Athens rally to mark rapper killing,1
Trump says democracy must be restored in Venezuela soon,1
More than 90 arrested in protests in Washington: CNN,1
U.S. budget chief Mulvaney says CFPB staff should 'disregard' deputy director: memo,1
U.N. official says will raise sexual violence against Rohingya with ICC,1
"Trump to meet Canada's PM amid tensions over trade, immigration",1
U.S. conservative group backs Republicans who favor clean energy,1
" The Senate Banking Committee Held An Equifax Hearing, And The Monopoly Man Showed Up",0
"U.S. Democrat Bernie Sanders wins Alaska, Washington, Hawaii caucuses",1
Vietnamese court upholds jail term for prominent activist: lawyer,1
"Food and drug chief Gottlieb skirts health secretary talk, says most effective at FDA",1
"Japan, U.S. agree economic talks should produce 'concrete results' near term",1
STEVE JOBS’ WIDOW ANNOUNCES SUPPORT FOR “Revolutionary” HILLARY On Same Day Hillary’s Busted For Faking This…,0
 WATCH: Chuck Todd Puts The Screws To Mitch McConnell For Not Giving Merrick Garland A Chance,0
THE WOMAN WHO Moved Freedom Loving Americans To Tears With Her Passionate IRS Testimony Is Now Asking For Our Help,0
Supreme Court dismisses Hawaii's challenge to Trump travel ban,1
 Democratic Senator Joins #THERESISTANCE: Says Trump Stole Obama’s SCOTUS Seat (DETAILS),0
