headline,label
5 types of web content for driving extra traffic,0
"new, improved olean 30 percent less likely to make you shit in your pants",1
two thumbs down on air nonsense,0
"autopsy determines total loser's corpse contained no traces of drugs, alcohol",1
benedict cumberbatch prepares for battle in magical new 'doctor strange' trailer,0
u.s. reverses course and offers new dates for nato talks,0
a letter to parents at the start of a new school year,0
u.s. figure skating team makes history with record number of asian-americans,0
lesbian couple enjoys hot lesbian action,1
this big dog and little bird are inseparable pals,0
gallant amazon user heroically defends 'fringe' season 2 box set from negative reviewers,1
donald trump says his supporters should 'hit back' at protesters more often,0
it just got easier for detroit students to pay for college,0
"kim, cosby and kim: 2014's greatest fails",0
poll worker injured by trump sign booby-trapped with razor blades,0
local los angeles awards show slated to open for grammys,1
rubio slams private fundraiser secrecy: 'it's a public event',0
chester bennington's wife shares video of him laughing hours before his death,0
food critic's wife makes the best lasagna she possibly can,1
welterweight boxer dies after sustaining serious injuries in bout,0
the bus that did not stop for us: a mother's take on the headscarf court ruling,0
confessions of a secret dog stalker,0
troy aikman: i 'knock on wood' hoping i stay healthy after concussions,0
a lifeline for disappearing cod,0
permission denied,0
at&t set to announce directv acquisition sunday,0
french prime minister: we are at war against radical islam,0
olympic swimmer ariana kukors is ready to fight sexual abuse in sports,0
how to write a thank you that gets you hired,0
relapse greatest week of man's life,1
"trump rebuffs his opioid task force, declines to declare state of emergency",0
suspected austin bomber dead in confrontation with police,0
largest ever all-female expedition sets sail for antarctica,0
friday's morning email: the latest in the trump-comey saga,0
horde of orange monsters exits local tanning salon,1
trump loved 'excellent actress and fine person' meryl streep in 2015,0
patty jenkins 'extremely distressed' over brett ratner allegations,0
ringo starr announces 26th beatles album with new backing band,1
"women in business: three generations of women in radio: renee roth, jo-ann silverstein and rachel roth",0
trump dismisses accusers as women,1
trump supporters move to block vote recounts in 3 states,0
mike pence brings wife up onstage to help demonstrate how much contact appropriate before marriage,1
"israel retroactively legalizes 4,000 settler homes",0
'i'm sorry i didn't finish the job',0
dionne warwick remembers bobbi kristina brown,0
website on disabilities act that tripped up betsy devos disappears,0
zenefits once told employees: no sex in stairwells,0
7 strategies for lasting fat loss,0
waiting for primary returns at a heroin anonymous meeting,0
here is the 8th person who was at donald trump jr.'s meeting with russians,0
from 13 to 23: a study in artificial maturity,0
ken burns implores stanford graduates to believe sexual assault survivors,0
bernie sanders holds back tears as brother memorializes their parents during dnc vote,0
these insane ping pong trick shots will get you in the groove,0
study finds leading cause of depression hearing words '2016 frontrunners',1
strudel the obese dog's fitness journey is nothing short of inspiring,0
new 92-grain bread depletes majority of world's resources,1
post-retirement work may not save your golden years,0
nobel prize awarded to man who helped humans have more fucking babies,1
legendary broadcaster dies at 82,0
"america, the next hobby lobby case is heading for the supreme court",0
adorable girls sum up why we need more landmarks named after women,0
"kim kardashian channels cruella de vil, plus more outrageous looks of the month",0
citizens to vote on young or old reagan for $15 bill,1
man accused of keeping woman in crate killed by cops,0
pamela wright's son was shot dead a month after newtown. this is her story.,0
the first felony trial of trump inauguration protesters is about to go to a jury,0
meet the third party,0
democratic lawmaker gives scott pruitt brutal reality check during senate hearing,0
autopsy reveals subject was still alive when autopsy began,1
here's how india can become more integrated in global trade,0
is twitter bad for language? statistical analysis says no (new book),0
"'8 on 8' brawl ends in officer shot, suspect killed",0
how i came to follow my passion,0
mother's day -- more than once a year,0
axe wants to shed its douchey reputation and empower men,0
sanders could pull off michigan-style upset in ohio,0
russians mint 'in trump we trust' coin ahead of u.s. inauguration,0
kim kardashian tries to explain why she's famous to a toddler,0
getting up close to homophobia,0
colorado congressman hangs on after splitting with donald trump,0
"serial killer remembers neighbors as quiet, unsuspecting",1
retailers hiring the most employees for the holidays,0
oxycontin maker criticized for new 'it gets you high' campaign,1
how much will black lives matter in trump's america?,0
"area man too poor to afford movers, too old to get help from his friends",1
10 ludicrous things republicans have actually said about health,0
young frenchman identified as possible bomber in attack on bataclan concert hall,0
30 things i've learned about life and kindness in my 30s,0
hillary clinton and bernie sanders vie for california's support,0
insiders blame rove for covering up iraq's real wmd,0
ted cruz: federal reserve is being run by philosopher kings,0
magazine runs article about louis c.k.,1
mom learns about new vegetable,1
clinton campaign hits trump for seeing brexit as boon to his business,0
court rules 'cannibal cop' can fantasize about whatever he wants,0
uae warns citizens to avoid wearing traditional clothing while abroad,0
the pakistani army's coup against itself,0
the first 'rogue one' trailer is a 'star wars' nerd's dream,0
the celebrity that left tom hanks and rita wilson speechless,0
james corden makes emotional plea for gun control after vegas tragedy,0
man with stupid breaks off co-dependent relationship,1
trevor noah mockingly praises trump's 'right racism' of 'pocahontas' slur,0
this is not your grandma's first brexit,0
russian president: saber-rattling is counterproductive with north korea. it's impossible to scare them.,0
james cameron cried the first time he heard james horner's 'titanic' theme,0
quaker oats canister relabeled 'drugs' for grade school play,1
"in the face of systemic racism, south asians must not keep silent",0
hacker who stole celebrities' nude photos gets 9 months in prison,0
mudslide kind of fun until the dying part,1
treasury department renames building to honor emancipated slaves,0
how to make the perfect mother's day breakfast,0
washington teen broke up with girlfriend before deadly shooting: reports,0
dad claims kingdom so 7-year-old can be real princess,0
grab them by the… hand: donald trump's disturbing nonverbal behavior,0
"reality, risk & reward: is us kids tv ripe for authenticity and autonomy?",0
"hugh laurie returns to the doctor game, except in chance he has none of the answers",0
no one speculating about family matters series finale,1
drew carey signs 75-year contract to host the price is right,1
"bernie sanders draws more than 20,000 people at boston rally",0
less popular friend proposes combining birthdays into single party,1
huffpollster: indiana's gop primary will be a battle between demographics and economics,0
"albuquerque shooter on the loose; gunman leaves 1 dead, 3 injured",0
console wars heat up as zenith unveils gamespace pro,1
10 communication secrets of great leaders,0
disturbing ad shows how trump is teaching students to hate,0
the government problem,0
hillary clinton calls water crisis 'immoral' in visit to flint,0
"girl, 4, killed during apparent road rage attack",0
zeke thomas wants gay men to stop staying silent about assault,0
las vegas review-journal staffers want to know who owns their newspaper,0
the 7 upsides to sending your last kid off to college,0
that time mariel hemingway made out with all the women on 'snl',0
mark sanford's fiancee found out about split from facebook post,0
amber rose encourages iggy azalea to 'date a bunch of hot guys' to get over nick young,0
"for conservative press, the post-trump reckoning can't come soon enough",0
end gun violence by repealing not enacting legislation,0
"for freelancers, growing opportunity and risk",0
kate mckinnon's creepy kellyanne conway goes fatal attraction on 'snl',0
"our final oscar predictions, plus who should actually win at sunday's awards",0
woman thinks she would make a great talk-show host,1
cable news sure could talk to more muslims about the muslim ban,0
syrian rebels to exit aleppo as truce begins,0
30 days of online dating: i should have broken the rules,0
let's get trump's evangelical council to resign,0
here's how much the house has paid in recent sexual harassment settlements,0
how (not) to repeat history,0
new pepsi product specifically mentions target demographic in name,1
the case for holistic education in the wake of charlottesville violence,0
terrorism is terrorism,0
recent saving of planet attributed to working assets long-distance plan,1
this accused 'mainsplainer' is attacked for defending alleged victims,0
a safe birth for imelda,0
pope francis trains for easter mass by dragging pew loaded with rocks across snow,1
8 clever packed lunch hacks we stole from kids,0
even conservatives now admit the u.s. needs paid family leave,0
"after careful consideration, bush recommends oil drilling",1
american tourist punched for giving nazi salute in germany,0
donald trump is terrible news for our food system,0
the wealthiest have a private tax system that saves them billions,0
charlize theron makes a villain out of vin diesel in this 'fate of the furious' clip,0
people-watcher catches glimpse of rare north american black doofus,1
want to be healthier? flirt more,0
anyone want to watch bill murray get sprayed with champagne?,0
5 faith facts about chris christie,0
shameless new dad uses craigslist to try to hook up with his wife's delivery nurse,0
donald trump's attacks on a judge were racist and wrong: poll,0
supreme court puts redrawing of texas electoral maps on hold,0
government data sharpens focus on crude-oil train routes,0
"from birth control to culturally competent care, affordable care act breaks down health care barriers",0
content marketing guide from the best content director awardee: nic mccarthy,0
this one neat trick will eliminate clickbait forever,0
watch your favorite musicians perform 'the hamilton mixtape' live,0
you won't believe where this key got stuck,0
the bible has no place in modern american society: sobering lessons from donald trump and kim burrell,0
"six dead, 10 hurt in baltimore commuter, school bus crash",0
why we should value (but not worship) reason,0
people show their love for the epa with thousands of valentines,0
this is what boy scouts' intolerance to transgender people is doing,0
trial for charleston church shooter dylann roof delayed until january,0
"connection, mission, game: your best friends",0
40-foot american flag pin welded to statue of liberty,1
reproductive health and rights in an age of inequality,0
'the world is emptier now': celebrity fans and friends pay tribute to david bowie,0
german auto engineer issued lab coat,1
how a tv-free summer is changing our family,0
what is america's first muslim fraternity really like?,0
russia vows to expand 'black list' of americans in response to new sanctions,0
"come to listen, mr. president",0
baseball slugger on pace to hit 60 women,1
mizzou chancellor condemns 'verbal assault' by melissa click during homecoming parade,0
try to keep calm but k-pop band bts is getting a documentary series,0
how imani boyette's love for basketball helped her overcome depression,0
ufc champion jon jones sentenced in hit-and-run case involving a pregnant woman,0
family chooses different dog than reincarnated grandfather,1
office janitor asks to work from home,1
"in india, gaps in quality of care leave women seeking sterilization vulnerable",0
taylor swift thanks her 'boyfriend adam' during iheartradio music awards speech,0
mike ditka has not been paying attention to history,0
sleepover guests get story straight on what time they went to bed,1
the problem with calling women 'females',0
9 parking garage designs that are works of art,0
the first family looked exceptionally stylish on easter sunday. obvi.,0
donald trump makes dubious claim about inauguration singer jackie evancho,0
vending machine most up-to-date technology in school,1
how real estate players are bracing for the l train shutdown,0
don't let the headphones (or the extra fat) fool you,0
"my husband died, how can i be thankful?",0
10 days that shook the regressive world,0
network faces backlash after putting white woman in 'brownface' to appear muslim,0
this dance inspired by 'moonlight' is almost as gorgeous as the real thing,0
missouri attorney general finds no evidence planned parenthood mishandled fetal tissue,0
australian asylum seekers told to choose life in jail or risk death in home countries,0
trump fans the flames,0
video:  #icantbreathe poem on house floor,0
new workplace diversity initiative kills one white employee every hour on the hour until more minority candidates hired,1
raccoon crushed to death by garbage truck hits jackpot with reincarnation,1
how 3 badass women stopped an alleged rape attempt,0
scary and gross - 3 disturbing consequences of a warming planet,0
man thinks receptionist is hitting on him,1
area man purchases the devil's advocate on dvd for some reason,1
man builds rad all-terrain wheelchair that looks like a tank for war hero dad,0
progressive company pays both men and women 78% of what they should be earning,1
barry jenkins quietly makes history with oscar nomination trifecta,0
india is home to the world's first completely solar-powered airport,0
billy joel has billy joel's disease,1
huntsman quietly relieved to be polling poorly among gop voters,1
dennis miller deeply concerned about long-distance service,1
inanimate object despised,1
heroes everywhere are signing a petition to have deadpool host 'snl',0
on the road to the emmys with my entourage aka my kids,0
fed lowers the boom on wells fargo after years of grotesque scandals,0
this unreleased britney spears song is all kinds of sultry,0
the making of them: tv documentary review (belated),0
men behaving badly,0
tuesday's morning email: ebola contracted outside of west africa,0
heritage foundation lowers another retired gop senator into vat of strategists,1
grieving losses other than death,0
"hannity claims relationship with cohen never went past payment for legal advice, defense strategy in criminal cases",1
watch rihanna steam up 'bates motel' in new preview,0
obama: deaths of marines in chattanooga shooting 'heartbreaking',0
"'these kids should be in school instead of protesting,' say people so tantalizingly close to getting the point",1
funniest parenting tweets: what moms and dads said on twitter this week,0
"a big shift is coming, and it could uber-ize entire industries",0
taylor swift wins video of the year for 'bad blood' at 2015 vmas,0
the importance of multidisciplinary eating disorders treatment,0
subscribing to success,0
"iraqi troops retake the town of nimrud, near historic ruins, from isis",0
jake tapper to trump: kim jong un is not a 'smart cookie' — he's a murderer,0
first 'teenage mutant ninja turtles 2' trailer reveals bebop and rocksteady,0
desperate trump campaign turns to congress for support in attacks against khan family,0
"manhattan da swept harvey weinstein sexual harassment under the rug, report alleges",0
who will win and who should win at the 2015 emmys,0
custody battle sparks couple's first-ever interest in child,1
gop lawmaker: gay rep. should have stayed in the closet,0
dick cheney would torture again,0
"gentrification mockumentary asks you to please remember rich, white kids",0
oxford student wins prize for photo of atom taken with dslr camera,0
7 ways to build a community using data-driven narratives,0
indian country all too familiar with rachel dolezals of the world,0
charlize theron meets the kill club in new 'dark places' clip,0
'little boy' stands tall,0
8 super effective ways to use social media to land your next job,0
macklemore to fans: use music to resist trump,0
tim scott: every senator should read coretta scott king,0
poster vandal enters 'phallus in mouth' period,1
'don't cry for me',0
an open letter to white supremacists from former owner of biggest racist record label,0
neighborhood busybody reports sound of gunshots,1
"the sanders-clinton debate flap, explained",0
connecticut to give its electoral college votes to national popular vote victor,0
why suing your bank could help others avoid being ripped off,0
she dropped everything to come fight for immigration reform. she's still waiting.,0
zayn malik breaks his twitter silence to thank fans,0
report: apocalypse actually happened 3 years ago,1
gym teacher still remembers names of every former pantywaist,1
jeb bush: i misjudged the intensity of gop voters' anger,0
ctrl+ plus: a closer look at amc's halt and catch fire,0
ivy-covered home like that on inside too,1
kim kardashian gives us the first glimpse of saint west,0
bankrupt toys 'r' us forced to euthanize thousands of hatchimals,1
bts proves k-pop's power with spot on time magazine's most influential list,0
what it means to be a 'dream director' at one of d.c.'s struggling schools,0
heavy snow and high winds pound the east coast,0
"north korea fires multiple missiles, south korean military says",0
"news roundup for july 19, 2017",0
nba free agency winners and losers,0
6 things you didn't know about michael b. jordan,0
trump's trojan horse tax cut,0
overcrowded gop field forces iowa to construct massive town hall stadium,1
how to advance lgbt rights in red states,0
harry styles announces his world tour dates,0
deadly midair collision reported in maryland,0
"local play well-attended by friends, family",1
labor unions blamed for derailing campaign transparency efforts,0
french catering company employs refugees to cook their native foods,0
miley cyrus' 'wrecking ball' could be kelly clarkson's best cover yet,0
rudy giuliani just said trump is trying to 'get us back to a free press',0
twitter's latest anti-troll measure is perfectly timed,0
north korea promised to include release of u.s. citizens in meeting with trump: report,0
cuomo makes surprise afghanistan trip,0
groups working to make the world wide web live up to its name,0
police seek suspect in series of random later hostings,1
a feminist meets fidel castro,0
kevin hart drops an f-bomb in awkward nfl network interview,0
these strangers rushing to help one another remind us we're not alone,0
women honor harriet tubman with 100-mile trek along the underground railroad,0
"bush urges senate to give alito fair, quick, unanimous confirmation",1
trump reads fake version of own speech,0
spot-on video sums up the wildly different lives of cat and dog owners,0
j.j. abrams explains how he picked the new 'star wars' character names,0
"in the 'bad moms christmas' trailer, the bad moms' moms are crashing the party",0
here's how you can help lgbt survivors of prison rape this holiday season,0
supreme leader khamenei says iranian nuclear weapons are a u.s. 'myth',0
chipotle ceo predicts the demise of 'irrelevant' fast food chains,0
"sudden cardiac arrest more likely in african-americans, new study says",0
thinking more broadly about mothering this mother's day,0
growing up with the holocaust as a writer,0
funniest parenting tweets: what moms and dads said on twitter this week,0
why are bi men less likely to open up about same-sex attraction?,0
why uber should hire a woman ceo,0
the basics of personal branding - five simple questions before you start,0
don't read lena dunham: it only encourages her,0
cop takes cinnamon bun into own hands,1
facebook reportedly beta-testing 'downvote' button,0
ana navarro calls out gop: you'd impeach hillary clinton over this,0
7 phrases you should never say during an argument,0
and the city with the least attractive people is...?,0
enthusiasm of 18-year-old first-time voter completely unbearable,1
chris murphy: congress giving 'quiet endorsement' to murders,0
"universities, public spaces and the democratic way of life",0
olivia delivers a classic shondaland elevator moment in exclusive 'scandal' clip,0
hip-hop legends salt-n-pepa want more women in rap today,0
learning to live with ulcerative colitis,0
missouri governor accuses ferguson police of attacking michael brown's character,0
success academy works for my kid,0
love the real you: the case for self love,0
jaden smith is all of us during kanye west's vmas speech,0
new airport security rules could mean 'short interviews' with passengers,0
5 things about wedding planning that really suck,0
international women's day,0
aarp warns of sweepstakes scams,0
oscars line up five non-white presenters,0
key california lawmaker steps down amid harassment claims,0
reinventing win-win-win business relationships,0
these latinos' reactions to 'coco' prove representation matters,0
u.s. justices reject challenge to protest ban on supreme court plaza,0
man travels to historic art locations just to paint the patterns on his shirts,0
85 percent of u.s. cole slaw remains uneaten,1
doing my daughter's hair makes me feel like a better dad,0
a small request for mother's day,0
republican supporter of kim davis contradicts his own stance,0
amazon unhinged,0
a new what??,0
8.8 million people enrolled in obamacare plans for 2018,0
8 ways to recommit to your fading resolutions,0
navy hospital removes staffers for calling babies 'mini satans' on social media,0
hot new website 'facebook' is lighting up the charts,0
everything you need to know about how stress affects your skin,0
donald trump meets chief justice roberts to talk inauguration,0
to wax or not to wax?,0
watch a wrecking ball destroy a bunch of cars and get on with your life,0
new ted nugent cologne tested on 'every goddamn animal we could find',1
syria misses another chemical weapons benchmark despite 'significant progress',0
chrissy teigen is thankful she can now filter out the haters on instagram,0
history will remember transphobic trump and his supporters with contempt,0
"power companies could use drones to save lives, cut costs",0
my truth about being a black man and a black cop,0
a devastating story of friendship and heartbreak that definitely passes the bechdel test,0
house vote maintains military ability to jail people without trial,0
man takes parents on tour of city where he came to escape them,1
can you hear us now: an ongoing movement to raise the voices of muslim women,0
deputy interior secretary met with lobbyist for a casino his former firm also represents,0
kids as crash test dummies: brownback outsources child support services to donor,0
how every new year's eve ends up being awful,0
new york times throws vicious oscars shade at kevin spacey,0
isis struggling to narrow down gop debate sound bites for new recruitment video,1
toasting 2017 goodbye with ketogenic kool-aid,0
argentinian tv station trolls donald trump,0
celebrate older americans month by fighting senior poverty,0
even prison officials want to curb solitary confinement,0
paul pierce accidentally proves la is still a lakers town,0
the magical turpan,0
coworker who went to gym this morning a chipper little fucker,1
ted cruz-john kasich pact gets off to a bad start,0
toyota launches 'back to the future'-themed ad campaign,0
"for gay couple, fulfilling lifelong dream of marriage not worth moving to iowa",1
plan b releases new heart-shaped tablets for valentine's day,1
employees from other department announce plan to ramble on about fucking nothing right next to your desk,1
a pennsylvania house race embodies the fight for the future of the democratic party,0
did climate change spawn all these hurricanes? here's why it's hard to say.,0
what do kids need to know about race?,0
new study determines the best way to discipline your teen,0
charity exec braves mt. kilimanjaro to rally support for hell's kitchen social services,0
thousands of cheering americans packed into park for ted cruz concession speech,1
"gentrification rolls on in dallas, but will it grow up?",0
jury awards ex-employee of roscoe's chicken n' waffles $1.6m in race discrimination suit,0
red carpet organizers regret only renting one porta potty,1
want to challenge trump on immigration? try a strategy from the antebellum south,0
police near st. louis quash peaceful protest by declaring it an unlawful assembly,0
drought bad,1
photographer captures private moments of lgbtq icons in stunning color,0
9 things parents could buy with the money they spend on child care,0
"justin trudeau continues to melt hearts, teaching son how to make s'mores",0
siri's creators say they've made something for you,0
this author thinks all women are 'crazy' -- and wants us to own it,0
blissful ignorance commemorated on annual 9/10 anniversary,1
watch: tennis star mirjana lucic-baroni delivers the world's greatest motivational speech,0
watch: why mirrors flip things sideways but not upside down,0
assessing our children to death,0
with friends like these: trump speaks among bigots who want lgbt people dead,0
meg gavin's gps guide for finding perspective,0
how synagogues honor non-jewish congregants on yom kippur,0
a mother's day tribute to my mother-in-law,0
michael phelps says that he's now ready to retire,0
bernie sanders' health care bill is a huge win for the abortion rights movement,0
what about trump's campaign promise of 'america first'?,0
minnesota café charges 35 cent 'fee' to protest minimum wage hike,0
here's a complete rundown of what happened at the second presidential debate,0
is the fda sleeping on the job when it comes to sleeping pills?,0
donald trump thinks north carolina got it wrong on anti-lgbt bathroom bill,0
now that's what i call shitty music 8 tops album charts,1
pakistani military engagement: walking a fine line between saudi arabia and iran,0
traveling tips for families with special diet,0
a love contract to help pets deal with parents' breakup,0
why i'm building my political wardrobe,0
ryan reynolds wished his brother a happy birthday the only way he knows how,0
congo postpones elections as opposition calls for general strike,0
you can finally get kendall and kylie jenner's new video game,0
controversial congressman touts iowa 'peasant hunt' with donald trump jr.,0
no one knows how medieval nuns used this mysterious prayer wheel,0
storm harvey could financially hurt already strained houston hospitals,0
illinois considers allowing recall attempts of chicago mayor,0
mcdonald's just caved to a ton of pissed off 'rick & morty' fans,0
7 facts school leaders want you to know about kids in new orleans,0
why it's time to stop casually calling people 'schizophrenic' and 'bipolar',0
monica lewinsky: 'i'm not alone anymore' thanks to the me too movement,0
al roker slams 'moron' jim inhofe for bringing snowball to senate,0
benadryl introduces new non-drowsy allergy dart,1
"god, jesus and the bible: faqs for gay pride month",0
13 reasons to feel hopeful during a rough month,0
mitt romney 'planning to run' for senate if orrin hatch retires: report,0
geniuses made a must-watch 'formation' parody about anti-abortion laws,0
the army tells its soldiers to get some sleep,0
megyn kelly on donald trump: 'i have done my level best to not make this story about me',0
"joy reid: gop in bizarre mirror universe where clinton is guilty, trump is blameless",0
5 signs that you should end your relationship,0
wednesday's morning email: latest missile launch from north korea appears to put entire continental u.s. in range,0
"there's no need to fear other people's 'bad energy,' says psychic",0
new stapler makes all other staplers look like worthless shit,1
will smith says trump may force him to run for president,0
understanding the islamic state,0
watch abbi from 'broad city' strip naked and rock out to lady gaga,0
"we're thankful for curvy models, curly hair and more!",0
"sens. mccain, graham: trump's order could become 'self-inflicted wound' in terror fight",0
ancient flying beast named after 'avatar' creature,0
bill cosby mug shot released,0
fridge magnet pushed to limits,1
climate science on trial again,0
these 6 selena cards will make your valentine feel como la flor,0
dad delivers state of the union rebuttal directly into television screen,1
study seeks to measure 'scalia-ness' of donald trump's supreme court picks,0
californian falls to his death from cliff trying to rescue his dog,0
15 things to bring on your summer adventures,0
we must increase food aid during time of famine,0
"trump backers share his animosity toward the media, poll shows",0
trump outlines bold vision for nation's next mass protests,1
here is how phil jackson and the knicks can win free agency,0
19 women who have a very complicated relationship with grills,0
mexican presidential candidate calls for cutting off thieves' hands,0
mayor apologizes for citing wwii japanese internment camps in rejecting refugees,0
paul ryan's war on social security,0
americans aren't always as divided on gun control as it seems,0
mark zuckerberg apologizes to congress for not realizing scope of his genius,1
what the heart of a tiger looks like: faith instead of fear,0
"and now, the first picture from the 'gilmore girls' revival",0
gun lobby politicians like bob goodlatte enable social media killers,0
wearable technology: the coming revolution in healthcare,0
ryan reynolds reveals blake lively's perfect response to his birthday tweet,0
5 books to get you out of your literary comfort zone,0
obama administration accused of violating constitutional rights of immigrant detainees,0
secret service took 15 minutes to catch white house fence jumper: report,0
dear sleep-deprived mama,0
"after one realizes methadone clinic nearby, behavior around city block makes sense",1
why fashion should be on the climate change agenda,0
this moose strikes a blow against the takeover of the machines,0
fear is just one big joke,0
how will america respond to cold war ii?,0
protest sparks after black man shot by police in minneapolis,0
how do you campaign for your dad in iowa? ask martin o'malley's teenage son.,0
here's how you can help lgbtq communities around the country,0
blm protest at london airport calls out environmental inequality,0
megachurch pastor abruptly retires after allegations of improper conduct go public,0
what to do if you feel traumatized by the las vegas shooting,0
pope francis' silent response to the filipino girl: what he might have been thinking,0
south dakota high school principal injured in school shooting,0
20 body changes nobody tells you come before menopause,0
donald trump flat out lies about his reaction to charlottesville,0
"'tall women in clogs' busts stereotypes about height, gender and more",0
"the news on russia and trump is evolving, but people's opinions are not",0
on losing my first friend,0
"hulu's 'the handmaid's tale' adds joseph fiennes, will be b-a-n-a-n-a-s",0
bizarre mars dune pattern looks like a message in morse code,0
my kids eat chicken nuggets (and other parenting atrocities),0
trump taps 'jumpin' jack flash' to close the deal in iowa,0
why shopping doesn't solve problems in the fashion industry,0
don't pay another bill until you pay this,0
a gospel of white supremacy is not the gospel of christ,0
secretary of education under investigation for falsifying hall passes,1
magical rainbow ring caught on camera from drone,0
no one quite sure why 8-year-old has voice of lifelong chain smoker,1
i'm not an empty nester. i'm just sharing my daughter with the world.,0
25 worst original names of famous bands,0
"thousands march in washington, d.c. heat to demand trump act on climate change",0
isis' muslim death toll is enormous,0
shirtless tonga olympian pita taufatofua wins olympic opening ceremony again,0
state facing lawsuit over controversial law nullifying all federal gun regulations,0
report: maid of honor not even that good of friends with bride,1
15 songs that defined the boomer generation,0
public-speaking student to make point of gesturing,1
"'i feel your pain,' romney tells campaign rally attendees who make $20 million a year",1
5 financial wake-up calls -- and what you can learn from them,0
a weighty new year's resolution,0
bill maher calls out donald trump's racism with spot-on monologue,0
opposition calls for turkish vote annulment after erdogan wins powers,0
busboy who cradled a dying rfk is finally moving past his grief,0
house conservatives claim democrats have failed black communities,0
ariel winter slayed prom with this disney princess moment,0
cousin of nba star dwyane wade killed in chicago shooting,0
rand paul: hillary clinton is a 'war hawk',0
grocery-store worker can't bear to eat food anymore,1
parental leave revolution moves from tech to banking,0
"years of networking, glad-handing sabotaged by coworker's good idea",1
5 family movies still worth streaming on netflix this holiday,0
two new documentaries outline the legacies of steven spielberg and alfred hitchcock,0
congress raises killing age to 19,1
trevor noah says wikileaks proves clinton is guilty -- of being boring,0
who else besides joe biden might crash the debate?,0
mat kearney gets a 'second wind' with new album and tour,0
5 gorgeous home office ideas,0
"'beautiful moment ripped away' as car plows into anti-racist group in charlottesville, 1 dead",0
the music of strangers: a film review by dr. lloyd sederer,0
sixty seconds of art,0
politicians bash donald trump over use of 'pocahontas' slur at navajo event,0
spouse criticism may worsen chronic low back pain,0
washington monument set up on blind date with eiffel tower,1
"on emmett till, black death spectacle, and cultural (mis)appropriation",0
india holds 5k stampede for charity,1
education for the world we want (part 2),0
vacationing family visits world's biggest asshole,1
6 intimate details you can tell just by looking at someone,0
live: south korea vs. algeria,0
here is how senate republicans try to hide the damage of their repeal bill,0
how to make pumpkin treats for your dog,0
should we pay the staggering economic and human costs of nuclear weapons?,0
'it's the heart of mississippi': meet the people of oxford,0
andrew lincoln will make you hope for rick's death scene on 'the walking dead',0
weird new cereal sets tone for first weekend at divorced dad's,1
truth through fiction,0
why britain's spy chief says he wouldn't hire james bond,0
vice president pence pushes expansive nato and defense of european micro-states: does president trump know?,0
kourtney kardashian shares adorable photo with baby reign,0
j.k. rowling reveals what her horcrux would be (if she had to make one),0
"previewing 'hidden figures' with the teary-eyed octavia spencer, taraji p. henson and janelle monáe",0
huffpollster: carly fiorina probably won't help ted cruz save his campaign,0
analyst warns gop: house majority is in danger in 2018,0
saudi courts should exhibit independence by protecting speech,0
the gop on immigration: life imitating satire -- and vice versa,0
all the best accessories from nyfw,0
retiring teacher moved to tears by surprise flash mob on her last day,0
u.n. tribunal swayed by thousands of children's letters to milosevic,1
new apple ceo tim cook: 'i'm thinking printers',1
the 'westworld' mystery that started it all might finally be solved,0
dem accuses gop chair of 'attempt to choke off public info' on russia probe,0
brazil president dilma rousseff suspended after senate votes for impeachment trial,0
"1 dead, 3 hurt in stabbing on ut austin campus",0
an open letter to my shelter dog's first owner,0
"elizabeth warren quotes taylor swift, slams trump in commencement speech",0
autonomy: the self-driving car and you,0
abc announces ellen will come out in every episode,1
syrian boy with meningitis evacuated from besieged town,0
iran's amazing spider-woman climbs a wall so fast it doesn't look real,0
leslie jones and adam rippon commentating on figure skating is an olympic dream,0
supporters defend kirsten gillibrand after trump delivers 'sexist smear',0
cops attempt to unlock phone of man they killed using his finger,0
how the uk is strengthening interfaith bonds after paris attacks,0
ryan reynolds warns deadpool fans: 'don't say a f**king word',0
adele worships at the altar of beyoncé just like the rest of us,0
"dare to be 100: yes, virginia, wherever",0
a pastoral letter to older generations about those frustrating millennials,0
florida teen apologizes for racist promposal sign,0
prison escapee appears in court,0
"god almost forgot to kill dave elfman of boulder, co today",1
house republicans unveil bill to repeal obamacare,0
amos lee reveals the story behind 'arms of a woman',0
romney campaign reboots for 72nd consecutive week,1
the top 2 things people choose to dream about,0
consumer confidence verging on cockiness,1
missing from amazon's search for a second home: the climate effects,0
why we won't be participating in black friday,0
police department threatens criminals with 'stranger things' spoilers,0
irish prime minister uses st. patrick's day to praise immigration in front of trump,0
gop congressman who revived obamacare repeal faces rage at rowdy town hall,0
a guide to how much butter is in your favorite baked goods,0
the lingering ex: social media and break-ups,0
enrique iglesias and anna kournikova share first photos of newborn twins,0
using new technology to give voice to the voiceless,0
men did most of the talking in 2016's super bowl commercials,0
trevor noah: 'moms are just like superheroes without the capes',0
how competent are nonprofit boards in strategic planning?,0
facebook to block private gun sales,0
linebacker faces suspension for genocide,1
supreme court agrees to hear new jack white album,1
20-year-old with down syndrome is the youngest business owner in his town,0
washington d.c. officer shoots woman carrying knife,0
a protester somehow managed to disrupt donald trump's rnc speech,0
the director of hbo's new james foley documentary on making a movie about his childhood pal,0
man surprised to hear himself tell matt damon he's a 'big fan',1
we might be all wrong about robots taking our jobs,0
hillary clinton nabs victory in new mexico primary,0
alyson stoner opens up about falling in love with a woman,0
adele sends her love to brussels with touching tribute,0
"italy earthquake survivors to live in tents until january, amatrice mayor says",0
philip roth obituary just thinly disguised version of author's life,1
the single greatest threat to our national security is donald trump,0
baby elephant gets (adorably) rescued from the mud,0
bill maher says 'pride and prejudice' won out in uk's brexit vote,0
defending journalism in the age of trump,0
see the latest empowering breastfeeding photo that's causing controversy on facebook,0
pharma's puerto rico problems could mean drug shortages,0
"nike ceo blasts trump executive order targeting muslims, refugees",0
... and justice for all,0
mindfulness in your 20s: how to use gratitude as fuel for happiness,0
former mormon missionary center leader accused of sexual assault,0
gop prays for ossoff lossoff,0
hollywood screenwriter says depiction of gay men in films is 'horrible',0
texas provider will offer free abortions for women affected by harvey,0
let food truly be your fuel,0
"drunk naked man streaks at women's march, pays the price",0
"10 names for me that i find offensive, incorrect, bigoted, sexist and just plain wrong!",0
free your mind your crotch will follow,0
tribe prepares to keep up pipeline protest through north dakota winter,0
"kim kardashian is back on the town, and her look is... interesting",0
"a little gay jewish boy: ""life is a cabaret?""",0
friendship blossoms into unrequited love,1
"hollande, valls, macron and article 49-3: france tries harder to reform",0
once-homeless hairstylist helps girls in need in the most beautiful way,0
kanye sends flowers to presidential running mate taylor swift,0
trevor noah issues warning about donald trump's apparent flip on gun control,0
is hillary clinton the last democratic presidential candidate to support the death penalty?,0
"ted cruz, marco rubio urge oregon militants to stand down",0
the largest demographic of binge drinkers might surprise you,0
5 workaholic rules for staying out of the emergency room,0
"nope, christian bale is not playing batman in 'batman v superman'",0
5 mistakes moms make when setting new year's resolutions,0
prince's former flame sheila e. mourns death of music legend: 'thank god love lives forever',0
"interview with louise munson, playwright of luigi",0
spanish government threatens to impose direct rule in catalonia,0
mcdonald's birthday party to be happiest time in child's life,1
bernie sanders slams trump: 'that kind of crap is not going to work in the united states',0
fictional books within books we wish were real,0
what europe can teach us about trump,0
world gets first-ever look inside greenspan fantasy ranch,1
comedian tracey ullman: 'we just need more women in the studio system',0
soda nearing room temperature,1
report: women only made up 2.7% of video game bosses last year,1
dog missing for almost a decade reunites with family in colorado,0
storybook romance leads to in-flight-magazine marriage,1
does political correctness work?,0
area woman not about to miss ally mcbeal for that,1
sarah palin defends curt schilling: 'espn continues to screw up',0
ariana grande spills deets on album release on 'tonight show',0
malawi girls take self defense classes to combat widespread sexual violence,0
why top talent is passing your company by,0
5 workplace benefits you wish your company offered,0
report: friend has been going by middle name this whole fucking time,1
sunday roundup,0
mute teen fulfills his dream of becoming a rapper despite not having a jaw,0
how i'm finding my voice with wendy davis,0
palestinians suspicious of al-aqsa surveillance promoted by kerry,0
11 of the best doughnut recipes you've ever seen,0
kids' adorable observations about the world may have been crucial to their survival,0
look: the ultimate tiny home is in a dumpster,0
david valadao tk house race,0
the military can't come up with a name for its war against isis. we're here to help.,0
google still a long way from meeting diversity goals,0
this video of kourtney kardashian eating a kit kat bar is celeb culture run amok,0
why we 'freeze' in uncomfortable situations,0
success in relationships,0
lesbian ex-mayor has perfect response to ann coulter's hurricane nonsense,0
"ncaa will pull more events from north carolina unless hb2 is repealed, sports group warns",0
france's election is about so much more than just populism,0
homemade 'die hard' scene will have you saying 'yippee ki yay',0
george w. bush interrupted obama to ask him to snap a picture of him and it was amazing,0
harry reid stunned by ted cruz's claim that most violent criminals are democrats,0
how paul ryan won over every house republican (except for one),0
former obama aide david plouffe calls donald trump a 'psychopath',0
remembering lynn walker huntley,0
al franken will leave senate in early january,0
gop plan to avoid september shutdown: we'll get back to you later,0
trump's evangelical advisors urged him to protect dreamers,0
the 'perfect body' is a lie. i believed it for a long time and let it shrink my life,0
trump's new 'domestic gag rule' would strip funds from planned parenthood,0
"the rise of europe's far-right is 'a wake-up call' for democracy, says turkish novelist",0
father of theater shooting victim now sits in son's row at movies,0
tommy lee jones tells jimmy fallon he doesn't want to play any of his little fucking games,1
google grants $1 million to non-profit to bring more black boys to tech,0
the best beef burger recipes to make this grilling season,0
alec baldwin: it's tough to impersonate the greatest presidential impersonator of all time,0
"the equality house hit by 7 bullets, graffitied in anti-lgbtq attack",0
chairman of house committee on homeland security wants to review trump's refugee order,0
"thanks to game of thrones, archery is now cool. you can actually do it & get fit. here's how.",0
twitter roasts mariah carey for 'disaster' hot tea moment during new year's performance,0
"6 dead, including 4 kids, in mass shooting near houston",0
this tiny florida island village is pulling together in irma's aftermath,0
friday's morning email: what the senate health care bill could mean for you,0
"private prison company backs super pacs for donald trump, senate republicans",0
look who made an appearance at l.a. pride...,0
an open letter to my 3 extraordinary brown girls,0
another english king could be buried under a parking lot,0
trump campaign ceo steve bannon failed to properly pay taxes for several years,0
"to be a president for all americans, trump must address hate incidents committed in his name",0
another open letter to betsy devos from a public school teacher,0
special counsel robert mueller probing trump business transactions: report,0
today we are all journalists,0
macklemore reminds grammys audience about cds available for sale in lobby,1
"news roundup for september 22, 2017",0
joe biden: dallas shooting 'touched the soul of the nation',0
how a group of outcast teen boys taught me the value of youth sports,0
obama has tied reagan in public opinion polls,0
california lawmakers approve gas tax to pay for $52 billion infrastructure plan,0
jada pinkett smith boycotts oscars for lack of diversity (update),0
new year's resolution -- let colleges lead the way to a new normal in cuba,0
this inspiring fitness model lives without a working heart,0
the must see attraction of 2015 in vegas,0
ryan seacrest sells 'squad goals' series to cbs,0
congress splits into male and female senators to discuss newest reproductive bill,1
syrian man kept up all night by neighbors dying,1
19 times flower girls brought some major style to the bridal party,0
these sikh bhangra dancers will shovel away your winter blues,0
pigeon's route accommodated,1
antifa organizers announce plans to disrupt neo-nazi rally or whatever else going on that day,1
people on the street apologize to their old teachers on 'jimmy kimmel live',0
larry nassar was allowed to see patients during sexual assault investigation,0
"emergency responders working to dislodge commercial jet from thick, polluted cloud over new delhi",1
shocking gun ad by georgia gubernatorial candidate brian kemp backfires,0
selig counted money while baseball lost the next generation of fans,0
unesco weighs in on debate over where jesus was baptized,0
john legend kissing chrissy teigen's stomach is peak them,0
every conceivable nook in car stuffed with trash by second hour of road trip,1
police assume truck was deliberately driven into berlin christmas market,0
change in bus seats taken personally,1
can research identify a school that's working?,0
kamikaze swimmers finally reach pearl harbor,1
man who threatened to move to canada before election still here,1
kim kardashian just wore her most confusing look yet,0
ahmad khan rahami identified as suspect in manhattan explosion,0
area woman has more than 200 products to help calm her,1
busy obama sends drone to pick up sasha from school,1
car bomb kills three in southeastern turkey,0
drinking beer could help save this adorable red panda,0
jordan klepper destroys gop bill that sells 'good guy with a gun' myth,0
breakup letter taped to baby,1
one man's journey into modern shamanism,0
what's really going on with twitter?,0
these are a few of the shelters scrambling to offer winter storm refuge,0
this could be 'one of the warmest christmas days of your lifetime',0
serena williams has perfected her argument against the wage gap,0
parents debate: should you send your kids to camp?,0
'a cashier at our davenport location did what?' disgusted sbarro ceo asks,1
franchesca ramsey's retirement home for trump fans is brilliant,0
3 simple tips to practice daily gratitude,0
"asian tsunami, hurricane katrina, kashmir earthquake battle for natural disasty award",1
marco rubio nabs his first 2016 win in minnesota gop presidential caucus,0
"australia is responsible for immigrant children suffering in detention, un investigator says",0
"ailing castro begins 750,000 last words",1
"elderly dog can already tell owner doesn't think she's worth $3,000 gallstone surgery",1
why it's so much better to buy experiences than things,0
"reflections for an uneasy memorial day: obama's mystery achievements, trumping dangerous nonsense",0
ann coulter calls 'grotesque' donald trump a disappointment,0
church honors 'dearly beloved' prince by putting his lyrics on sign,0
recent mlb incidents reveal warped ideas of manhood in sports,0
new online voting system allows millions of masturbators to take part in democracy,1
drink me now: go green with pistachios,0
r.e.m.'s children still hoping parents will get back together,1
13 snacks that won't derail your resolutions,0
greece rescues hundreds of migrants from sinking ship off crete,0
elementary school teacher accused in rape of former student,0
ice detains tim kaine for speaking spanish at campaign rally,1
academy calls possible effect of trump's ban on foreign nominees 'extremely troubling',0
canadian police aplogize for threatening drunk drivers with nickelback,0
"chef josé andrés prepares 40,000 thanksgiving meals in puerto rico",0
a muslim american mother's fears and hopes at dawn of the trump era,0
"girl, 11, invents 'chemo backpack' to help kids with cancer, after battling the disease herself",0
republicans are shocked (!) that they've nominated an ignorant boor,0
12 stunning photos of 'tiny dancers' caught in action,0
two gay texans open up about building their dream family,0
"we're mad as hell, and we're not going to take it anymore",0
death toll from powerful mexico earthquake rises to 91,0
why the new york times is naming names in national security stories,0
investigating abuses at unlicensed religious homes for troubled kids,0
"only 12 of trump's 22,450 employees have given a substantial donation to his campaign",0
mental hospital fire leaves hundreds of demons homeless,1
i didn't have this end in mind,0
"tolerance for women and girls in afghanistan, not silence",0
paypal back up after suffering from temporary global outage,0
here's why you shouldn't take selfies with pythons,0
returning parents can tell son had huge house fire over weekend,1
fighting gets worse in yemen despite saudi pledge to halt campaign,0
the trump cabinet guide to complimenting people in your life,0
casual friday claims lives of 13 nuclear-waste-disposal technicians,1
"lice invade espn makeup and hair studios, deadspin reports",0
determined cat goes through a lot to wrestle with stuffed tiger,0
ferguson on edge on first night with curfew,0
kristen bell shared a hilarious story about pumping while working,0
the one tip you need to achieve financial and physical health,0
the wonderful moment a returning soldier surprised his parents at an nhl game,0
obama honors those who made the ultimate sacrifice on memorial day 2015,0
no more 'reconciliation' talk,0
ted cruz ties 'amnesty' for undocumented immigrants to nuclear weapons in iran,0
robert kirkman shoots down that huge 'walking dead' fan theory,0
thursday's morning email: china fires diplomatic warning shots,0
supreme court justices keep citing cases roberts and alito are too young to remember,1
preet bharara: paul manafort may flip to avoid a harsh sentence,0
katy perry awarded $1.57 million from entrepreneur who interfered with convent sale,0
"as shutdown looms, push to link planned parenthood with spending fight gains steam in house",0
road sign over-explains highway's dangers,1
building the university of the future,0
4 must-have digital marketing core competencies,0
class clown has nothing on wilmot proviso,1
busybody fireman ruins suicide attempt,1
jay-z's grandfather busted with trunk full of canadian prescription drugs,1
jogger clearly on first run of plan to turn life around,1
listen to america: a huffpost road trip,0
study finds women who want abortions are often given misleading information,0
trump woos kids with helicopter rides at iowa state fair,0
"are brick and mortar banks and checking accounts dying due to digital wallets, prepaid debit cards, etc.?",0
taliban condemns trump's decision to continue war in afghanistan,0
10 tips for balancing work and home,0
new financial report finds economy invincible forever this time,1
"as ed gillespie's campaign goes, so goes the memory of the civil war",0
new year's eve prank leaves 4-year-old glued to mcdonald's toilet,0
this stepmom and biomom's relationship is parenting #goals,0
cooking off the cuff: bluefish in saor – a new york take on a venetian favorite,0
obama to announce new climate change help for island nations,0
#nevertrump conservative media will have to decide if never means never,0
depleted hawaiian volcano now just coughing up bile,1
have obama's education policies weakened the democratic party?,0
poisoned daughter of russian spy released from hospital,0
man huffs keyboard spray after crash as cop watches,0
restaurant fires pizza-delivery dog,1
age-defying makeup tips for women over 50,0
bernie sanders says hillary clinton should cut ties with clinton foundation if elected,0
step inside salvador dali's surreal paintings with trippy vr video,0
new google project delivers critical info to refugees' smartphones,0
10 ways to win her back if you're a dude in a rom-com,0
"a woman as indiana jones? yes, please.",0
u.s. military prepares for biggest okinawa land return since 1972,0
a 'game of thrones' prequel could actually happen,0
kellie pickler hilariously misses the buzzer in celebrity 'family feud' fail,0
chris pratt's son is totally trolling him,0
reclaiming our faith in the era of trump,0
inconsiderate woman on bus eating live tuna,1
"while trump attacks colin kaepernick, the quarterback is donating to meals on wheels",0
egypt sets date for parliamentary elections,0
indian sweatshop worker has to work in the fucking dark now too,1
what does real equality look like?,0
"new fathers suffer from postpartum depression, too",0
the world bank accidentally left me a voicemail discussing their strategy to downplay rights abuses,0
knowing hillary,0
americans finally found something to drink that's better than soda,0
how to outsmart the populists – lessons from france,0
"donald trump signs spending bill, averting government shutdown",0
celebration and destruction,0
"the beyhive swarms rachael ray, thinking she is rachel roy",0
if trump praised other historic african-american figures like he did frederick douglass,0
what we found at 'the end of the tour',0
stephen colbert introduces the hilarious alter egos of donald trump's cabinet,0
the fbi just blasted reporting on the san bernardino killings,0
butterball releases new travel-size turkey,1
man miscast in role of father,1
how do i live knowing proof of heaven?,0
police headquarters completes new addition to accommodate officers on desk duty for misconduct,1
the importance of adding stress relief to your to-do list,0
are there 22 patriotic house republicans?,0
why are trans people left out of lgbt history so often?,0
to the parent whose heart is hurting this holiday season,0
"to curb rising costs, experts call for ban on prescription drug ads",0
does chasing your dreams scare you? good.,0
4 ways caffeine keeps you from realizing your potential,0
quantum lip,0
new energy secretary guesses he ought to read up on energy,1
nikki lost 89 pounds: 'any mom will tell you scheduling time to exercise can be very hard',0
usher and harry belafonte talk activism in joint appearance,0
decoding america's immigration sentiment,0
from music festivals to college campuses: trans* and women's communities,0
mom and dad take hilariously relatable back-to-school photos,0
latina business owner faces death threats for appearing onstage at donald trump rally,0
"hasan minhaj inks netflix deal, is first indian-american to front weekly comedy show",0
comedian releases song to find her own rachel maddow,0
hollywood quietly shuts down after realizing that entertainment a delicate matter of subjective opinion,1
"while democrats held their convention, here's where the money was",0
matt smith speaks out about 'the crown' pay gap,0
super tuesday: live results,0
islamic state fighter from u.s. reportedly in custody in iraq,0
mike pence got through vp debate without having to explain anti-lgbt record,0
weinstein scandal inspires models to share stories of abuse in their industry,0
prima donna surgeon storms out of half-full operating theater,1
"'whitey bulger ordered the murder of 19 people,' reports anonymous rat bastard",1
why happy hours may soon replace early bird specials,0
new gop health care bill is even worse than the first,0
"lena dunham has a theory on why men, apparently, don't like serena williams and ronda rousey",0
scientists politely remind world that clean energy technology ready to go whenever,1
trump administration seems to be winging it on food stamp replacement boxes,0
"egg lobbyists targeted bloggers, media to fight vegan startup",0
aquaman is a big fan of trump pulling out of the paris agreement,0
foul play suspected in destruction of world's second-largest ball of twine,1
here's what clinton and trump were really thinking about during the debate,0
how to save money fast: 10 habits that can fund your dreams,0
non-denominational terrorist organization welcomes extremists of all faiths,1
donald glover needed 'white translator' to convince fx to allow 'n-word' in 'atlanta',0
'13 reasons why': stop telling young women true love will save them,0
a simple solution to america's woes: huge raises,0
trumpcare scored so badly it could actually help the senate,0
new york's attorney general wants to keep birth control free,0
"boys in chairs: my first time, 11 years later",0
huffpost rise: what you need to know on february 8,0
how to get researchers to notice an ultra-rare disease,0
"house democrats demanded action on guns, but americans kept killing each other",0
being obese is strongly linked to a greater risk for these 11 cancers,0
why did corporate reformers overlook newark's children and families?,0
area man not about to tie his shoe when he's 4 blocks away from sitting down,1
matt damon now knows you are sexually attracted to his ponytail,0
do you suffer from obsessive trump disorder?,0
fbi might withhold secret method of unlocking iphone from apple,0
miley cyrus and liam hemsworth had a very instagrammed christmas,0
guess which reality star went all out at comic-con,0
'snl' takes on sexist super bowl stereotypes in the best way,0
study proves exactly how gross bathroom hand dryers really are,0
sponsor drops broncos' brandon marshall after national anthem protest,0
microsoft and amazon have a plan for driverless cars,0
union plows ahead after major scotus setback,0
all quiet except cruz. and did you read about al gore?,0
police chief busted for parking on sidewalk does the honorable thing,0
"going against the flow: diana paredes, ceo of suade",0
emboldened republicans in kentucky push 20-week abortion ban,0
the perfect to keep a sexy bod and still enjoy your vacation,0
"trump campaign manager faces new allegations of pushing, sexually suggestive comments",0
scientists discover mollusks are next evolutionary stage for humans,1
kelly rowland's favorite tips for expecting moms,0
"dr. king died fighting for economic justice. nearly half a century later, we continue his fight.",0
watch: $24 million yacht goes up in flames,0
"despite the ugliness, i am staying hopeful in trump's america",0
she dreamed of africa -- and then she was sent there,0
mcdonald's prints calorie count right onto meat,1
"seeing the humanity of ""the other""",0
from hunter to hunted: 5 attraction marketing strategies to pull in more prospects,0
"who wrote the beatles hit ""twist and shout""? the amazing story of bert berns",0
the key to chip and joanna gaines' marriage isn't really a secret,0
nation to wait for more facts on texas shooting before doing absolutely nothing about it,1
how tax cuts led to west virginia's massive teacher strike,0
a guide to sex at 50 and beyond,0
prime rib primer: the roast with the most,0
these simple facebook shortcuts will save you time,0
mourners gather to remember the life of keith lamont scott,0
huffpost rise: what you need to know on february 15,0
don't press the button: the problem with email and what to do about it,0
clay aiken gained 30 pounds eating bojangles chicken during his campaign,0
report: 89% of suzy qs never make it out of gas station parking lots,1
preparing for retirement after a divorce,0
backpage ceo likely to walk from pimping charges as judge cites shield law,0
the beverly hills hotel and the dangers of keyboard activism,0
elder abuse growing into a national crisis,0
are you the artist...or the masterpiece?,0
autism at 16: cookie monster and the coliseum,0
7 things to make you feel better about a trump presidency,0
russian medallist at winter olympics suspected of doping violation: report,0
elizabeth warren grills trump's labor nominee over workplace safety,0
a plea to free archbishop mar gregorios yohanna ibrahim and archbishop boulos yazigi who were kidnapped one year ago today,0
prison inmates name feared guard known as 'captain america',0
why more older folks are turning to pot to fix what ails them,0
kenya should not sign china and south africa coal deal,0
west virginia teachers plan statewide strike,0
a woman announced her pregnancy with a unicorn frappuccino,0
sunday night's supermoon was incredible — but deadly for these animals,0
psst! disability competitiveness: pass it on!,0
islamic fundamentalists condemn casual day,1
islamophobia and charlie hebdo,0
carmelo anthony randomly ran a mini-marathon mid-game,0
and the top markets for renting to millennials are...,0
"khloe kardashian thanks fans for their 'patience,' resumes website and app content",0
freyda miller: words and deeds,0
joan rivers perfectly shut down the single woman stereotype in 1967,0
is it ok to be rich?,0
man paid more than enough to put up with this shit,1
"a tale of kindergarten hardship, in one little boy's before-and-after photos",0
what's half of $33.35?,0
progressive groups want doug jones to throw caution to the wind,0
daily meditation: by the riverside,0
"monday's morning email: what's next for trump after his ""worst week""",0
'suicide squad' kills box office competition with massive $135.1 million debut,0
'dotard' vs. 'rocketman': the nuclear standoff that rattled 2017,0
scotland and wales will now allow northern irish women to access free abortions,0
don't passively online shame hurricane irma residents,0
new york attorney general examining eric trump charity payments to trump properties,0
un confirms aid convoy bombed in syria near aleppo,0
pope francis warns of 'dangerous' alliance between u.s. and russia,0
two non-binary college activists on creating space for themselves on campus,0
"senate gop, democrats reach deal imposing new sanctions on russia",0
demolishing the 7 myths propping up fossil fuels,0
you may not have noticed but there were almost no latino films in 2015,0
pope criticizes conservatives at key church gathering,0
"wealthy, famous individual described as 'totally down-to-earth' by thousands of acquaintances, all of whom are lying",1
ryan lochte now changing account of events going back years before robbery,1
rick santorum relieved no one has asked him about interracial marriage yet,1
new okcupid feature alerts users when it's time to come crawling back,1
3 tips for coping with grief during the holidays,0
what makes bill gates feel 'stupid',0
jay-z's '4:44' makes room for black men to be vulnerable,0
twitter applauds trump's demands for 'law and order',0
watch heroic drivers rescue 2 scared dogs dashing down freeway,0
obama's new cuba policy corrects a five-decade failure,0
freemasons return to jupiter,1
"skip the haunted houses, take a digital tour of abandoned buildings instead",0
why the eu plan to stop mediterranean migration is a human rights concern,0
our new mother within,0
kim kardashian wears sheer top in festive christmas eve photo,0
rumsfeld sick of jokes about his fat girlfriend,1
twitterverse trolls iphone x's new security feature with arya stark jokes,0
for-profit college hastily designs diploma for student on verge of actually graduating,1
reddit bans page hosting celebrity nudes,0
kendall and kylie jenner get revenge on cheating guy in snapchat soap opera,0
trump spokesman jason miller says he won't take top white house job,0
the dubai film festival diaries: a classy end to a life-changing event,0
adam schiff says there's 'more than circumstantial evidence' of trump ties to russia,0
alton sterling protesters remind you what america keeps forgetting,0
"jimmy kimmel can't soften daca opponents, even with a cute baby",0
new envelope pushes envelope envelope,1
president barack obama backs expanding social security,0
independence day,0
congresswoman fights for gun control because she almost lost her life to gun violence,0
tsa agents to now simply stand at checkpoints and remind passengers that we all die someday,1
vacation-bound rush limbaugh to do nothing but golf and respect minorities for 2 weeks,1
yet another donald trump pick has a habit of spreading dangerous conspiracy theories,0
friday's morning email: inside trump's presser for the ages,0
"plus-size holiday fashion: tutus, sequins, and standing out",0
the royal family is ready for your awkward office holiday party,0
nine rules for effective online content,0
7 common misconceptions about the hebrew bible,0
these are the only 5 shoes you need in your closet this fall,0
7 steps to stay financially fit in 2015 and beyond,0
the number of puerto ricans without water grew to more than half: dod,0
friend who listened to podcast on watergate bursts into conversation with guns fucking blazing,1
"the 'rain room' is coming to los angeles, not to be confused with actual rain",0
i am not a prostitute. i'm a female solo traveler!,0
the politics of shame and pride,0
hooded members of congress drown another love child in potomac to prevent affair from getting out,1
incredible waterspout spotted over iowa lake,0
nearly 1 in 10 children not enrolled in school: un,0
live election coverage: watch as midterm results pour in,0
report: revolving door gave goldman access to fed secrets,0
this is probably the first mammal extinct because of man-made climate change,0
rod stewart thought it was a good idea to stage a mock beheading in abu dhabi desert,0
tiny changes {today's buddha doodle},0
remembering james horner,0
what's your story?,0
not one woman less: protesting femicide in buenos aires,0
winston churchill's grandson introduces a new nickname for donald trump,0
"japan's economy emerges from recession, growth weaker than forecast",0
solar jobs report shows huge growth,0
conceiving our chosen family,0
older brother to attempt unmanned bike mission into ravine,1
just some guys in england driving a tank to the gas station,0
this republican once said helping refugees made us a 'better nation.' but now he's done.,0
christina aguilera is barely recognizable on paper magazine cover,0
trump administration may use executive authority to tweak obamacare's rules,0
dove deodorant's #alternativefacts campaign trolls the trump administration,0
a new joint message from the kremlin and the trump administration,0
julia stiles marries preston j. cook in intimate seattle beach wedding,0
va loan program may be letting veterans down,0
can blind auditions change the ratio of women in tech journalism?,0
accused 'kayak killer' pushed paddle away from drowning fiance: prosecutor,0
5 must-try international takes on macaroni & cheese,0
jason priestley praises shannen doherty's bravery amid cancer battle,0
how to get a bikini body without buying a bikini body plan,0
"prog noir and beyond: conversations with tony levin, cactus' carmine appice, jim mccarty, and jake shimabukuro",0
capital in 21st century,0
vulnerable republicans just showed why fighting for trans rights is a political winner,0
arby's ceo arrested with trunk full of stolen horsey sauce,1
the best maternity style moments at the grammys,0
5 better questions to ask allergy families,0
an eerie series that examines whether we ever truly die on the internet,0
urine-proof paint returns fire on peeing perps,0
top democrat pushes back on expanding obama's trade powers,0
teen crafting marketable persona in garage hoping to one day win grammy,1
darren wilson ain't no ham sandwich: prosecutorial manipulation of a flawed grand jury system,0
eli broad: it's 'news to me' i'm buying the la times,0
twitter took a much-needed break from the world to #addcandytoamovie,0
5-year-old boy faces a tough decision about his girlfriends,0
560-pound man says he's riding across country to save his life -- but is he scamming america?,0
"rubio lays out new, hardline position on immigration",0
"in 'margaritaville,' broadway's lisa howard finds strength and self-worth",0
thursday's morning email: the obamacare repeal comes down to these three senators,0
17 mother's day gifts and cards for all the geeky moms out there,0
acclaimed mexican journalist: the drug war is 'completely false',0
when sugar was the answer,0
this will make you never want to check a bag again,0
north carolina tops gonzaga to win sixth ncaa title,0
"adele opens up about her private life, squad goals and new album",0
huffpost rise: what you need to know on december 23,0
here's what you need to know about obamacare enrollment this year,0
"backing devos repeal of obama rules, for-profit colleges vilify students",0
taylor swift used a 'gremlin voice' while writing '1989',0
fox news meteorologist slams woman who said her legs are 'too fat',0
son's friend the kind who always gets nosebleeds,1
adorable panda cub bei bei makes a very sleepy public debut,0
frustrated employee no longer even trying to hide gre study books,1
unpopular opinion: why i think the sat is a good thing,0
"donald trump heading for a series of wins in the northeast, polls say",0
cops accused of racism after detaining black man over 'vegetation',0
idea to see mario van peebles movie occurs to no one,1
rep. trey gowdy endorses marco rubio for president,0
daily meditation: joyful,0
you are enough,0
5 lessons from a twenty-something divorcée,0
dave ramsey's daughter reveals the biggest money lesson she learned from dad,0
one man's quest to document the highways that tore his city apart,0
who declares sierra leone free of ebola,0
poor people's campaign is the angry response to inequality america needs,0
study finds flushing toilets wastes billions of gallons of piss and shit annually,1
things my dad never did,0
yo soy blanco,0
ben carson has a weirdly specific vision of how 'the purge' could turn real,0
"trump expels 60 russians, closes russian consulate in seattle after uk chemical attack",0
chris stapleton had no idea who adele was when she covered his song,0
tsarnaev death penalty a warning to any other religious fanatics hoping to be martyred,1
beyoncé channeled 5 of lil' kim's iconic outfits and lil' kim couldn't cope,0
state department's anti-semitism office will soon have no staff,0
"thank you, america",0
town nervously welcomes veteran back home,1
"once the capital of nostalgia, istanbul is now the capital of anxiety and neurosis",0
why i'm choosing to move to nyc,0
wells fargo faces proposed class action lawsuit over bogus account scandal,0
martin o'malley aims to set the bar on criminal justice with comprehensive reform plan,0
donald trump's lawyer claims president was never told about son's russia meeting,0
beyoncé's 2015 global citizen fest setlist was pretty flawless,0
friend from college wasted no time becoming white-collar professional,1
stressed out at work? how to cope -- without turning to food or booze,0
scotland more relaxed when sean connery is away,1
"so long, thimble: hasbro axes classic monopoly token",0
#trumpacandy took over twitter and it was gloriously sweet,0
colbert is stunned speechless by trump's terrible 'birthday present' for melania,0
"someone stole a ton of very, very valuable bull semen",0
authors are rallying to preserve langston hughes' harlem home,0
ted cruz favorability with republicans drops after convention speech,0
what your movements may reveal about how you'll get along with another person,0
my birthday is a day of infamy,0
the aftermath of an alleged chemical weapon attack in idlib,0
the fight to overturn citizens united: what happens now?,0
it's 2016. do you know where your bombs are falling?,0
chinese human rights activist wu gan sentenced to 8 years in prison,0
"putin, erdogan and orban: band of brothers?",0
new national park caters to business travelers,1
the importance of increasing efficiency in new york city government,0
private vehicles beat ambulances in saving gunshot and stabbing victims,0
passengers freed from hijacked plane that landed in malta,0
meeting jon snow irl is apparently like seeing the 'mona lisa' for the first time,0
invest in human capital,0
"under trump, union election rules could be tilted in employers' favor",0
life between curfews and kids,0
'whoisdsharp' injects some viral vine violin into huffpost 6x60,0
mars maven begins mission to take thousands of high-resolution desktop backgrounds,1
the fantastic faroe islands,0
frugal couple saves money by making own porn,1
police in cleveland are handling the rnc protests well. the bikes really help.,0
car salesman three desks over going on and on about chick he banged last night,1
"study: zero people have led satisfying lives after altering original career plans, aspirations",1
do you use someone else's netflix password? you're not alone,0
obama administration takes deportation relief for millions to supreme court,0
makeup do's and i prefer you don'ts,0
man trying to get out of executioner duty,1
study: not being an asshole boss may boost employee morale,1
joan rivers defends israel with an analogy all her own,0
trump voters had a much better 2017 than clinton voters did,0
pulse nightclub shooter's father revealed as former fbi informant,0
to vaccinate or not to vaccinate: why is that even a question?,0
"sanders hits bill clinton on welfare reform, trade",0
trevor noah defends obama from conservative criticism on police brutality,0
the paradox of addiction,0
donald trump's sacking of james comey is a test for republicans,0
"song premiere: j.d. mcpherson, 'bossy'",0
watch nicki minaj's surprise performance with the weeknd on 'snl',0
the president of israel reaches out to palestinian arabs of israeli citizenship,0
"science, evolution and our intimate parts",0
birchbox founders reveal the best and worst business advice they've ever received,0
five reasons to love fashion designer bibhu mohapatra,0
pope tweets picture of self with god,1
congress votes to intervene in local wedding,1
watch as stephen colbert hilariously tries to seize control of the dnc podium,0
2 koreas make history marching under unified flag in olympics opener,0
